"brent friedenberg associates ltd." <bfa@bfa.com	8
"brown, stephen" <stephen.brown@rbcdain.com	1
"jeff smith" <jsmith@austintx.com	2
"lerma, xochitl" <xochitl.lerma@natoil.com	6
"pira distribution" <distribution@pira.com	5
-nikole@excite.com	1
044lr115@fortbend.k12.tx.us	1
1.10043390.-2@multexinvestornetwork.com	1
1.10969419.-18@multexinvestornetwork.com	2
1.10969419.-3@multexinvestornetwork.com	2
1.11913372.-2@multexinvestornetwork.com	3
1800flowers.152845755@s2u2.com	1
1800flowers.199693062@s2u2.com	1
1800flowers.199693074@s2u2.com	1
1800flowers.23274437@s2u2.com	3
1800flowers.80261057@s2u2.com	2
1800flowers.84010289@s2u2.com	3
1800flowers.86665396@s2u2.com	3
21f382937ea311a7469fa1d39e7746a1550@tm03.net	1
21f383c37ed311a7469fa1d3a0b746a158a@tm03.net	1
3gsm@informatc.cminteractive.com	1
3toyota@cadvision.com	1
548@britishparts.com	2
6.996.df-_z3y_13lxjmfprrr.1@mail3.travelocity.com	1
71663.704@compuserve.com	1
7409950@skytel.com	4
8774754543@skytel.com	4
888annotated@potomac.com	5
< file: mailto:clint.dean@enron.com >	2
< file: mailto:cooper.richey@enron.com >	5
< file: mailto:gtek74@hotmail.com >	1
< file: mailto:james.d.steffes@enron.com >	1
< file: mailto:joe.stepenovitch@enron.com >	2
< file: mailto:jparrott@sempra.com >	3
< file: mailto:jschoenhals@cicorp.sk.ca >	2
< file: mailto:maxnbev@wesnet.com >	1
< file: mailto:michelle.cash@enron.com >	1
< file: mailto:rickyhood28@hotmail.com >	1
< file: mailto:sally.beck@enron.com >	2
< file: mailto:williams.ltd@attcanada.net >	1
aaron.klemm@enron.com	9
aaronowitz@houston.rr.com	1
abaird@lemle.com	6
abarnett@mapus.com	4
abgymnic@emailaccount.com	1
abillings@knowledgeinenergy.com	1
abmcdon@yahoo.com	1
abolson@ev1.net	1
abowler@excel.com	3
acarter265@aol.com	1
acbrown@llgm.com	5
accountinfo@datek.m0.net	2
accountinformation@community.nextcard.com	1
acevedo_pablo@hotmail.com	4
achokshi@firstcallassociates.com	3
acioffi@iopener.net	1
ackertdm@yahoo.com	6
aclark@firstcallassociates.com	19
acrump@dc.com	6
acrysdale.mba2000@ivey.ca	1
adam.6129@eudoramail.com	1
adam.bayer@ubswenergy.com	1
adam.pollock@enron.com	1
adam.wais@mojocoffee.cc	5
adamon@deloitte.com	4
adamsholly@netscape.net	10
adarsh.vakharia@enron.com	99
adel.robinson@enron.com	3
admin@firstdownsports.com	1
admin@golfq.com	2
adopt101@aol.com	3
adrian.mancebo@enron.com	2
advapl@vsnl.com	7
aeng@aoshouston.org	4
aevanloon@hotmail.com	5
afield@mariner-energy.com	1
afilas@keyspanenergy.com	10
agage@isda.org	2
agapefndg@aol.com	1
aggie_chic02@hotmail.com	3
agnews@cme1.americangreetings.com	2
agold@coral-energy.com	3
agoldberg@compubank.com	2
agruber@tindallfoster.com	6
ainsley.gaddis@enron.com	1
aishikawa@socalgas.com	3
ajackson@btutilities.com	2
akoenig@hhw-law.com	4
alan.aronowitz@enron.com	76
alan.mcgaughy@enron.com	2
alan@enventure.com	3
alankoppel@earthlink.net	4
alastair.stewart@powerpool.ab.ca	1
albert.luc@enron.com	3
alberto.levy@enron.com	10
aleck.dadson@ngwi.com	7
alerts@equityalert.com	79
alex@pira.com	175
alhamd.alkhayat@enron.com	5
alice.johnson@enron.com	9
alisha.mahabir@enron.com	13
alisha@bp-inc.net	1
alisongalinsky@hotmail.com	1
allan.sommer@enron.com	8
allan_taylor@anadarko.com	1
alltimeqb@hotmail.com	2
alma.carrillo@enron.com	25
alterson_thomas@jpmorgan.com	16
alueb2@gateway.net	1
alumni.list.manager@anderson.ucla.edu	1
alumni.office@anderson.ucla.edu	5
amanda.schultz@enron.com	5
amarks@littler.com	1
amcars@iglou.com	1
amdtravel@hotmail.com	1
ameerabuhalimeh@bankunited.com	9
amelia.alder@enron.com	16
amelia.williams@enron.com	2
ameritrade_018359@ameritrade.customer-email.com	3
ameritrade_031076@ameritrade.customer-email.com	1
ameyer@wii.com	2
amy.felling@enron.com	158
amy.fitzpatrick@enron.com	145
amy.jon@enron.com	2
amy@thehallagency.com	18
amyb@pdq.net	1
amyf@review.com	12
amystern@earthlink.net	5
amywohlsein@uty.com	3
ana.alcantara@enron.com	1
anabel.soria@travelpark.com	3
anabella.de.sousa@enron.com	1
andrea.ring@enron.com	10
andrea.yowman@enron.com	31
andrew.gibbins@enron.com	8
andrew.kandolha@enron.com	1
andrew.maus@enron.com	1
andrew.parsons@enron.com	8
andrew.ralston@enron.com	3
andrew_sud@yahoo.com	3
andrewhescock@hotmail.com	8
andy.black@mail.house.gov	3
andy.zipper@enron.com	43
andy_edling@kindermorgan.com	3
angela.mcculloch@enron.com	15
angela.morris@enron.com	9
angela.smith@enron.com	1
angela.wilson@enron.com	2
angela@soundmediagroup.com	3
angelia_guinara@hchd.tmc.edu	1
angie.o'brian@enron.com	1
angie.zeman@enron.com	3
angie@nerc.com	1
angieb46@yahoo.com	6
anita.khosla@csfb.com	2
anita.luong@enron.com	24
ankush.sen@enron.com	3
ann.vaughn@enron.com	3
ann_gray@itc.co.harris.tx.us	4
ann_hibbert@itc.co.harris.tx.us	1
anna.allen@blakes.com	10
annabel.houx@gs.com	1
annamgoldberg@hotmail.com	1
annas@cobs.edu	20
anncrawford@aec.ca	34
anne.beliveaux@enron.com	1
anne.bike@enron.com	28
anne.moisan@internationalsos.com	1
anne_heard@ryderscott.com	12
annendan@earthlink.net	4
annettef@katzlaw.com	1
announce-list@clearchannel.com	3
announce@ms2.lga2.nytimes.com	2
announcements@datek.m0.net	2
announcements@datek2.m0.net	1
announcements@welcome.ebay.com	9
annualreports@wilink.com	3
anthony.campos@enron.com	1
antoine.duvauchelle@enron.com	1
anwar.melethil@enron.com	5
aobull@yahoo.com	1
aod@newsdata.com	15
aohara.lnk@ispi.net	4
aoneill@bear.com	5
apeter@littler.com	1
apfpringle@aol.com	1
apgreene@ruf.rice.edu	1
arabtrader@aol.com	1
ariane.saney@caminus.com	2
arlanz@mexis.com	6
army710@msn.com	1
arsystem@mailman.enron.com	412
arvind.ramanathan@techspan.com	1
aschram@scacompanies.com	2
asem.atta@enron.com	19
asettanni@bracepatt.com	21
ashbaker@wscc.com	2
ashford@ashford.m0.net	3
ashley.fay@enron.com	5
ashley.landry@enform.com	1
ashu.tewari@enron.com	2
askus@entertainment.com	1
asme_cei0210@list.asme.org	1
asme_cei_section8@list.asme.org	1
asme_pd0210@list.asme.org	1
asorelle@h-s.com	15
aspring@epsa.org	1
astewart@pira.com	12
astiner@tiffany.com	1
atafallo@csc.com	1
atkinson@bradstoneequity.com	1
att@mailman.enron.com	1
attrecipeh@emsiweb.com	1
atul_rajadhyaksha@atulrajadhyaksha.com	4
auditalk@audi.com	1
aunverzagt@houston.rr.com	1
avalon@avalonwine.com	1
avantgo.wsjcom@dowjones.com	3
awais.omar@enron.com	5
awamailer-l@guava.ease.lsoft.com	9
awu@quinnemanuel.com	4
axisteam@enron.com	8
ayesha.kanji@enron.com	25
azaremba@fzci.net	4
bacco1@mindspring.com	3
ballytotal@processrequest.com	2
baloutch@direct.ca	1
bamiller@kpmg.com	4
ban.sharma@enron.com	5
bandama@ssa.co.orange.ca.us	10
bar75bara@hotmail.com	1
barbara.a.hueter@enron.com	3
barbara.clancey@ipgdirect.com	9
barbaranielsen@dwt.com	6
barnesfamilyus@prodigy.net	25
barrie_pace.ue.c13534.r39146906@ixs1.net	1
barry.rushford@powerpool.ab.ca	2
barry_pearce@enron.net	25
batoggero@yahoo.com	2
baughmanpatricia@hotmail.com	3
bbbike@pdq.net	3
bbradsha@skadden.com	10
bburgess@wm.com	2
bbvydlf@france-mail.com	1
bcc3@pge.com	1
bchen@newenergy.com	3
bcooper@aopl.org	3
bdarter@coral-energy.com	1
bdenney@hyperformix.com	4
bdlazer@hotmail.com	1
bdmiller@crc.state.nv.us	1
bdmiller@state.nv.us	2
bdoty@pisd.edu	1
bdreese@duke-energy.com	1
bdrinkwater@mcdonaldcarano.com	6
beau.taylor@morganstanley.com	1
bechtol.brent@epenergy.com	3
becky.pham@enron.com	1
becky.pitre@enron.com	1
becky.young@enron.com	12
ben.brasseaux@enron.com	1
ben.freeman@enron.com	1
ben.glisan@enron.com	1
ben.herman@enron.com	2
ben.humann@enron.com	2
ben.jacoby@enron.com	29
ben.lockman@enron.com	1
ben.pacewic@phs.com	9
ben.sturgeon@gfinet.co.uk	2
benandphyllistobias@compuserve.com	4
benigno_q01@hotmail.com	1
benjamin.rogers@enron.com	29
benjamin.wimberly@verizon.net	4
benjamin@wt.net	13
benledene@aec.ca	5
benson03@juno.com 	1
berg@tfts.tozzini.com.br	4
bert.stipelcovich@bridgeline.net	10
bessie.nolf@national-city.com	3
beth.cowan@enron.com	2
beth.perlman@enron.com	8
betty.studzinski@enron.com	2
beustis@romcapital.com	5
beverly.aden@enron.com	1
beverly.miller@enron.com	5
bevin.hunter@enron.com	2
bferranti@mbllp.com	15
bglushko@argentinc.com	12
bgozz@yahoo.com	5
bhanlon@isda.org	24
bharat.khanna@enron.com	2
bhastings@earthlink.net	6
bilal.bajwa@enron.com	7
bill-boneham@home.com	1
bill.barker@attws.com	2
bill.bowman@weyerhaeuser.com	4
bill.fortney@enron.com	7
bill.hatch@enron.com	12
bill.hawkins@opo.gov.on.ca	7
bill.jordan@enron.com	1
bill.kefalas@enron.com	1
bill.moore@enron.com	1
bill.pentak@enron.com	2
bill.rapp@enron.com	77
bill.rust@enron.com	5
bill.w.brown@enron.com	2
bill@friedwire.com	6
billglushko@hotmail.com	9
billm@hammondshomes.com	8
billstclair@msn.com	10
billwhite@mvalaw.com	4
billy.braddock@enron.com	22
bjenkins2@houston.rr.com	1
bjkbrown@aol.com	2
bjorn.hagelmann@enron.com	10
bjwiese@midamerican.com	1
bkostek@ch2m.com	1
blafuze@velaw.com	2
blair.fleming@royalbank.com	4
blanca.bollom@enron.com	1
blcattle@rectec.net	1
bleibman@froschtravel.com	1
blevinemd@home.com	2
blstuar@ppco.com	1
bmark.blackdiamond@mobile.rogers.com	1
bmcc@mccarthylaw.com	3
bmrehman@bpa.gov	3
bneff@houston.rr.com	1
bnimocks@zeusdevelopment.com	2
bo.petersen@enron.com	1
bob.carter@penreco.com	3
bob.crane@enron.com	2
bob.hagen@enron.com	2
bob.hansen@enron.com	12
bob.lee@enron.com	1
bob.thurber@enron.com	2
bob.williams@elpaso.com	13
bobbi.tessandori@enron.com	9
bobbie.campbell@enron.com	7
bobby.eberle@gopusa.com	15
bobbyo16@hotmail.com	8
bobcasey@uh.edu	3
book-news@amazon.com	9
boschi.federico@acquirenteunico.it	1
bounce@corp.freerealtime.com	1
bpboudet@fbd.com	1
bpechersky@velaw.com	2
bpeterson@hunton.com	2
bpotter@proliance.com	2
brad.blesie@enron.com	1
brad.mckay@enron.com	10
brad.morse@enron.com	4
brad.richter@enron.com	28
brad_cheney@enron.net	2
brad_richter@enron.net	2
bradley.e.morrow@marsh.com	2
bradley.jones@enron.com	12
brandon_whittle@hotmail.com	1
brant.reves@enron.com	10
brbarkovich@earthlink.net	1
brdalton@worldnet.att.net	4
breilley@coral-energy.com	1
brenda.whitehead@enron.com	2
brent.a.price@enron.com	5
brent.vasconcellos@enron.com	1
brett.r.wiggs@enron.com	20
brian.hendon@enron.com	12
brian.hoskins@enron.com	12
brian.k.dawson@enron.com	1
brian.redmond@enron.com	87
brian.russo@ubsw.com	5
brian.stanley@enron.com	1
brian_kolle@enron.net	2
brian_wood@enron.net	1
brianday@aec.ca	2
bronwyn_tull@lycos.com	5
bruce.garner@enron.com	7
bruce.knapp@gunter.af.mil	1
bruno@firstconf.com	8
bryan.gottfredson@enron.com	30
bryan.lari@enron.com	1
bryce.schneider@enron.com	10
brygaard@wt.net	1
bscholte@email.com	1
bschwer@smud.org	1
bsperry@daa.com	1
bsring@juno.com	1
bsteinhart@hbvllc.com	1
bstirling@tompkinsandmcmaster.com	3
bthedinger@mastio.com	2
bulletin@bookcloseouts.com	1
bungalowlife@yahoo.com	9
burton.mcintyre@enron.com	2
buxelbow@nexet.net	1
buy.com@enews.buy.com	5
bveazey@obn.state.ok.us	1
bwalker@hga.org	6
bwallace@zahrsecurities.com	5
bwalsh@isda.org	4
bwanarol@hotmail.com	4
bwells@pop.net	5
bwg@cpuc.ca.gov	6
bwood@energy.state.ca.us	4
bxc@bediligent.com	1
c.measom@tjmhou.com	8
c.oakes@ei-hg.com	1
cabel@ect.enron.com	3
caboom46@hotmail.com	6
cadyharriet@juno.com	1
calbillk@cnbcom.net	1
calyx_&_corolla@response.etracks.com	4
camdenway@aol.com	4
candh.gammon@clearworks.net	1
cansy.chiu@linklaters.com	1
capstone@texas.net	19
cara_freeland@hotmail.com	1
cardonmckay@shaw.ca	2
career.management.center@anderson.ucla.edu	30
carin.nersesian@enron.com	1
carina_belmont@post.com	1
carlos.alatorre@enron.com	1
carlos.j.rodriguez@enron.com	2
carnes@fas.harvard.edu	6
carnold@iso-ne.com	2
carol.finch@honeywell.com	1
carol.howes@enron.com	1
carol.lapsley@enron.com	6
carole.frank@enron.com	43
caroline.barnes@enron.com	34
caroline.harper@amerada.co.uk	2
carrie.a.robert@enron.com	1
cary.m.carrabine2@enron.com	3
case.admin@sce.com	1
casey.ragsdale@enron.com	1
casi.morris@pgnmail.com	2
cassandra.schultz@enron.com	27
cassi.wallace@enron.com	11
castlen.moore@enron.com	4
catalina.cardenas@enron.com	5
catalina.cc.cardenas@enron.com	3
catch_of_the_day@listserv.redherring.com	9
catcooper@home.com	1
catherine.liller@lcra.org	3
cayers@cmsenergy.com	2
cba@uh.edu	3
cbburrell@juno.com	4
cbeisheim@hotmail.com	2
cbiconference@starpower.net	1
ccaldwell@velaw.com	14
ccates@mail.lbjs.com	8
ccoburn@kc.rr.com	8
cdavidow@wilmer.com	2
cdean2@houston.rr.com	1
cdeleon@bracepatt.com	2
cdiaz@pdq.net	4
cdnow#2.3028.e0-xgb81_omkml5.1@cda01.cdnow.com	1
cdnow#2.3513.53-0xuwgn9yb4bk.1@cda01.cdnow.com	1
cdnow#2.3894.22-how7spz28_ri.1@cda01.cdnow.com	1
cdorland@hotmail.com	1
cdownard@vailresorts.com	1
ceci@gorge.net	1
cegann@dow.com	2
celeste.daigle@enron.com	1
celesteflower@hotmail.com	1
celestine.hollan@enron.com	3
cesherman@hahnlaw.com	2
cestopinal@mohleadams.com	2
cestrada@ksbj.org	7
cferguson@sigcorpenergy.com	3
cfishkin@kpmg.com	4
cfranklin-rhem@klcorp.com	1
cfred@pkns.com	7
cgcarmic@uswest.net	6
cgiron@mindspring.com	4
chadm@nepco.com	3
chandra_shah@nrel.gov	4
charee.messerli@nwpp.org	1
charlene.richmond@enron.com	2
charles.a.taylor@enron.com	5
charles.cheek@enron.com	6
charles.child@enron.com	2
charlie.graham@enron.com	13
charlie.thompson@enron.com	3
charlie.weldon@bus.utexas.edu	6
charlotte_banks@enron.net	1
chartman@nbsrealtors.com	81
chartner@ci.thornton.co.us	1
chealey@luce.com	16
cheryl.brinkman@mckesson.com	2
cheryl.lindeman@enron.com	3
cheryl.lipshutz@enron.com	2
cheryl.perchal@enron.com	11
cheryl.runge@powerpool.ab.ca	3
cheryl.whittaker@usa.xerox.com	1
cheryl@flex.net	18
cherylbach@hotmail.com	3
chi325@hotmail.com	29
chinman@caiso.com	1
chip.cox@enron.com	13
chjohnson98@hotmail.com	2
choekenga@br-inc.com	16
chris.abel@enron.com	44
chris.behney@enron.com	5
chris.clark@enron.com	1
chris.dorland@enron.com	32
chris.germany@enron.com	107
chris.greaney@enron.com	13
chris.hellman@entergykoch.com	2
chris.m.turner@mirant.com	1
chris.mahoney@enron.com	5
chris.sebesta@enron.com	10
chris.smith@southtrust.com	1
chris.wiebe@enron.com	1
chris@apbenergy.com	4
chris@sheckys.com	3
chris_ballou@bmc.com	1
chris_jackson@txu.com	2
chriskrecek@akllp.com	16
chrisr@tripwire.com	1
chrissy.grove@enron.com	3
christi.culwell@enron.com	9
christi.l.nicolay@enron.com	177
christian.yoder@enron.com	43
christina.finelli@enron.com	9
christina.valdez@enron.com	26
christina_122367@hotmail.com	39
christine.d.sinn@xcelenergy.com	1
christine.lonsdale@enron.com	1
christopher.ahn@enron.com	1
christopher.cashman@mba02.bus.utexas.edu	1
christopher.choby@us.pwcglobal.com	1
christopher.czuppon@enron.com	2
christopher.d.weekley@vanderbilt.edu	8
christopher.watts@enron.com	8
christopher.wheeler@enron.com	1
christopher_knudsen@hotmail.com	6
christopherhose@hotmail.com	3
christy.lobusch@enron.com	12
chriswilliams@kslmail.com	1
chrysti.hardy@enron.com	1
chuck.ames@ubswenergy.com	1
chuck.paul@a-closer-look.com	36
chutcheson@lockeliddell.com	1
chyde@earthsat.com	1
chyde@sark.com	1
ciesielskil@natfuel.com	1
cindy.derecskey@enron.com	5
cindy.skinner@enron.com	1
cindy.stark@enron.com	35
cindy.stokes@enron.com	2
cindy_tatham@co.washington.or.us	3
cio@update.cio.com	2
civins@hotmail.com	3
cjwilson@lcc.net	3
ckazzi@aga.org	7
ckennedy@patinaoil.com	6
cklimisch@ho.hodes.com	2
ckoppa@accountpros.com	9
clabelle@bblnyrep.com	2
clara.carrington@enron.com	9
claref@marcusevansch.com	1
clarissa.garcia@ubswenergy.com	2
clark.smith@elpaso.com	1
claudette.harvey@enron.com	5
claudia.clark@enron.com	7
clcs@email.msn.com	4
cleahy@gibbs-bruns.com	2
clickathomepilot3@enron.com	10
clients@gelbercorp.com	3
clowe@intcx.com	6
cluce@improvenow.com	3
cmarie34@hotmail.com	8
cmastros@unterberg.com	5
cmcconvey@aimsolder.com	1
cmcdonal@mtpower.com	1
cmcdonald@llgm.com	2
cmclurg@cadvision.com	1
cmmuckerman@tecoenergy.com	8
cmontgomery@kmg.com	44
cmoseley@ercot.com	36
cms.router@enron.com	11
cnorth@houston.rr.com	1
cnuciforo@assocdealers.com	5
coates@keytech.com	3
coganja@aol.com	1
colin.tonks@enron.com	40
colinpt@cadvision.com	1
colleen.raker@enron.com	1
columbiahouse_music@clickaction.net	12
communication.central@enron.com	18
communications.7318970.2522.0@a1f3-tr1.4at3.net	3
communications@enron.com	21
communityrelations@enron.com	3
confadmin@ziffenergy.com	7
conferences@atmarkets.org	1
connie.corona@puc.state.tx.us	2
connie@nget.net	2
contactus@jamesgalleryhouston.com	4
contactus@thedowntownclubhouston.com	1
conway77@earthlink.net	13
cooking.com@mail.cooking.com	6
corey.grindal@elpaso.com	5
corinna.johnston@intria.com	6
cormanerb@cs.com	2
cornstein@alexander-cleaver.com	3
corpgen@mail.abanet.org	15
corry.bentley@enron.com	30
costconews@mail.costco.com	1
courtney.barker@enron.com	3
courtney.votaw@enron.com	102
cp-reply@clubphoto.com	1
cpjohnson@brobeck.com	2
craig.breslau@enron.com	7
craig.brooks@compassbnk.com	1
craig.dean@enron.com	5
craig.dean@ey.com	9
craig.mclurg@enron.com	1
craig_estes@ypo.org	1
craig_taylor67@hotmail.com	1
craig_vinson@cmicro.com	23
craigc@infohiwy.net	1
craiggannett@dwt.com	3
crbone@theschoolcompany.com	6
creeder@texas.net	1
cri@gvtc.com	1
crissy.collett@enron.com	4
cristal.metz@enron.com	2
cristina.vanhoff@corp.bellsouth.net	1
crminvestment@mailvault.com	1
cross@ddc.net	1
crowsley@flash.net	1
crystal.hyde@enron.com	12
csanmarco@kkrw.com	4
cscott_korea@yahoo.com	24
csleuth@infonautics.com	3
csmith@priorityit.com	4
cstelzer@avistaenergy.com	2
cswanson-hull@urc.state.in.us	1
cswart@coair.com	8
ctetrault@velaw.com	2
cumberland@naxs.com	3
cumminsatu@netzero.net	1
customers@etrade.0mm.com	4
customerservice@brookstone.com	2
customerservice@tdwaterhouse.com	1
custserv@bananarepublic.m0.net	10
custserv@consumerinfo.com	3
cvernon@houston.rr.com	2
cvotaw@yahoo.com	1
cwcarso@yahoo.com	3
cweldon@houston.rr.com	8
cwhite@viviance.com	43
cwubbena@seminole-electric.com	3
cynthia.barrow@enron.com	7
cynthia.morrow@enron.com	3
cynthia.shoup@enron.com	3
cynthia.warner@eds.com	3
d.todd.hall@enron.com	3
d_perrino@msn.com	1
daddywolf@austin.rr.com	1
dale.onrait@rbc.com	1
dale.rasmussen@enron.com	11
dale@whitelight.com	2
daleco43@yahoo.com	2
damon.harvey@enron.com	2
dan.badger@enron.com	1
dan.dorland@enron.com	18
dan.e.williams@enron.com	2
dan.fournier@blakes.com	2
dan.j.bump@enron.com	31
dan.junk@jpkhouston.com	1
dan.kuehn@lcra.org	2
dan.leff@enron.com	22
dan.lyons@enron.com	6
dan.ogrady@williams.com	1
dan.temple@jacobs.com	2
dan.thibaut@enron.com	2
dan.wall@lw.com	4
dan703@home.com	3
danaggie@hotmail.com	3
dandonaldson@att.net	15
danette.campbell@enron.com	1
daniel.batista@enron.com	3
daniel.bodnar@highlandsinsurance.com	1
daniel.diamond@enron.com	50
daniel.harris@gs.com	9
daniel.quezada@enron.com	32
daniel.reck@enron.com	9
danielle@buildabear.com	1
danielle@tozzini.com.br	1
danielyergin@cera.com	15
danlsanford@tecoenergy.com	4
danny.lee@enron.com	2
danny.mccarty@enron.com	27
dansmith@utilicorp.com	6
danthony@ntcc.cc.tx.us	4
darcy@tonkon.com	5
darin.jen@shaw.ca	2
darin.presto@enron.com	1
darren.cavanaugh@enron.com	3
darren.cross@enron.com	3
darrin_presto@rsd.edu	20
darron.c.giron@enron.com	36
daryll.fuentes@enron.com	15
database.au@terrapinn.com	6
dave.mangskau@enron.com	1
dave.odneal@enron.com	2
dave.perrino@enron.com	29
davemfuller@earthlink.net	1
david.allan@enron.com	17
david.baumbach@enron.com	42
david.forster@enron.com	250
david.fulghum@entergykoch.com	3
david.fulton@enron.com	1
david.gaines@enron.com	1
david.glassford@enron.com	1
david.haug@enron.com	3
david.howe@enron.com	1
david.jones@enron.com	5
david.morris@lehman.com	10
david.nutt@enron.com	1
david.oconnor@state.ma.us	1
david.oliver@enron.com	1
david.owen@enron.com	13
david.oxley@enron.com	228
david.perlman@powersrc.com	8
david.portz@enron.com	83
david.portz@ubswenergy.com	1
david.roensch@enron.com	19
david.roland@enron.com	2
david.rosenberg@enron.com	19
david.ryan@enron.com	1
david.shine@ubspainewebber.com	5
david.shine@ubspw.com	7
david.stratton@axiaenergy.com	4
david.swearingen@csfb.com	1
david.sztroin@enron.com	3
david.virgilio@constellation.com	3
david.webb@elpaso.com	11
david.wohlfarth@pseg.com	1
david@dtahou.com	1
david_cobrain@nmenv.state.nm.us	3
david_hsu@pancanadianenergy.com	2
david_koogler@enron.net	3
david_matney@kindermorgan.com	1
david_nobles@ewingcc.com	3
davidasamuels@hotmail.com	1
davidson@ballardspahr.com	2
davidwself@hotmail.com	3
davis.maxey@enron.com	1
dawn.derr@enron.com	9
dbartley@o2wireless.com	2
dbicker@paloma.com	3
dcagle@mariner-energy.com	51
dcarroll@dbsr.com	6
dclearfield@wolfblock.com	8
dcook@infiniteenergy.com	1
dcrawford@davis.ca	6
dcrowthe@aglresources.com	1
dcwoody65@yahoo.com	2
ddavissprint20@earthlink.net	6
ddellacona@hess.com	5
ddemarco@bpmcpas.com	1
ddiamond@houston.rr.com	3
ddiehl@nui.com	3
ddunlap@tradespark.com	2
dealers@thesilverfund.com	1
deals@bestfares.com	54
deals@safetygear.info	1
deanfamily@pdq.net	1
deanrodgers@kaseco.com	11
deb@aelaw.com	6
debbie.moseley@enron.com	1
debbie.nering@eal.ab.ca	2
debbie.nowak@enron.com	4
debbie.perrotta@enron.com	1
debbie.r.brackett@enron.com	37
debbiehoppe@hotmail.com	1
deborah.dunten@enron.com	1
debra.hicks@enron.com	3
dedeutsch@duke-energy.com	6
dee.espinoza@travelpark.com	12
delene.travella@funb.com	20
delia@prescottlegal.com	1
delivere@delivere.com	3
delma.munoz@enron.com	1
demetrios.fotiou@powerex.com	1
demoyae@coned.com	1
denis.tu@enron.com	20
denise.furey@enron.com	2
denise.soohong@enron.com	1
denka.wangdi@enron.com	1
dennis.alters@enron.com	13
dennis.benevides@enron.com	4
dennis.brown@enron.com	2
dennis.vegas@enron.com	1
dennis@ddecuir.com	2
denny@dsourceva.com	36
derek.bailey@enron.com	2
derek.davies@enron.com	14
derek.flaman@enron.com	1
dft1@pge.com	12
dfuller@caiso.com	28
dgautschi@deloitte.com	1
dgian00@yahoo.com	1
dgioffre@hotmail.com	147
dgivens@intellibridge.com	3
dgreen@clausman.com	2
dgutierrez@hanover-co.com	4
dhansell@llgm.com	4
dhassem@citgo.com	1
dhatchett@clearsail.net	1
dheineke@corustuscaloosa.com	13
dheineke@tsteel.com	3
dhooker@caes.net	6
dhuctwith@blgcanada.com	2
diana.chow@linklaters.com	1
diane.anderson@enron.com	29
diane.goode@enron.com	15
diane.taylor@enron.com	8
diane@gcvideo.com	12
diann.huddleson@enron.com	13
dianne.langeland@enron.com	1
dianne.seib@enron.com	2
dick.varner@eweb.eugene.or.us	8
diem.hallmark@williams.com	1
diggs@ppg.com	1
dimoore@airmail.net	3
ding.yuan@enron.com	3
dirk.dimitry@enron.com	2
dirk.van.vuuren@enron.com	2
disneystore@disneyonline.go.com	10
distefv@axl.ca	1
dj.kovalak@mapp.org	1
djtheroux@independent.org	8
djunek@aeglobalmarkets.com	5
dkenne@houston.rr.com	13
dksg@mediaone.net	6
dlanning@ypcnm.com	1
dleon@bracepatt.com	14
dlevine@caiso.com	4
dm-dmcn-help@dmlogix.com	3
dmeyerhoeffer@mlp.com	1
dmgbat@aol.com	6
dmill002@hotmail.com	3
dmm@cpuc.ca.gov	6
dmphillips@bpa.gov	1
dolores.muzzy@enron.com	3
domestications@domestications.com	10
don.hanson@trw.com	1
don.rollins@enron.com	3
donald.blake@painewebber.com	2
donald.robinson@enron.com	18
donald_mallory@platts.com	1
donna.martens@enron.com	18
donna.scott@enron.com	23
donna.wackerle@enron.com	1
donnadawson@bigplanet.com	2
donnis.traylor@enron.com	11
dorie.hitchcock@enron.com	54
doris_foster@eott.com	2
dorothy.dalton@enron.com	4
dortha.gray@enron.com	3
doug.elmore@compaq.com	1
doug.gilbert-smith@enron.com	40
doug.selwyn@davisselwyn.com	2
doug.wood@enron.com	9
doug@leyendecker.com	2
douglas.v.moreno@enron.com	4
douglas_nichols@pgn.com	1
douglass@arterhadden.com	3
douglass@energyattorney.com	26
dovie.keprta@enron.com	2
dpconnally@spacecitysports.com	3
dplatt@dlj.com	3
dpriese@worldnet.att.net	2
dreid@energyintel.com	3
drew.c.lynch@enron.com	2
drew.fossum@enron.com	62
drew.kanellopoulos@enron.com	1
drlittle77@msn.com	2
drosen@cgsh.com	6
drosser@velaw.com	12
drrichardson@cmsenergy.com	1
druke@neosoft.com	5
dshaffer@akllp.com	1
dstern@ftenergy.com	1
dstory@wt.net	1
dsullivan@totalise.co.uk	8
dsvetly@ercot.com	1
dsweetser@llspc.com	4
dtang@cinergy.com	6
dtran2149@yahoo.com	6
dtribble@pillsburywinthrop.com	10
duke.ebert@mail.wvu.edu	2
duong.luu@enron.com	12
dvd@columbiahouse.com	1
dvdnow_77395@xoip.com	1
dwagman@ftenergy.com	6
dwalker@rmef.org	3
dwatkiss@bracepatt.com	33
dwhilson@tva.gov	7
dwhite@arm-ltd.com	2
dwylie@prodigy.net	7
dyckd@valero.com	1
dzimmerman@eatonvance.com	4
e-journal@mail.michbar.org	11
e._lan@minx.co.uk	1
e.bassine@worldnet.att.net	8
e6192_8884cb5d@replycentral.com	1
e6192_ff8900d7@replycentral.com	1
eanta@rpa.state.nj.us	1
eap@cpuc.ca.gov	6
earline.kendall@enron.com	2
ebay@smartreminders.com	3
ebm@dvclaw.com	1
ebower@usasean.org	2
ed.mcmichael@enron.com	127
ed@apbenergy.com	2
eddiebauer@eb.m0.net	8
edgillespie@quinngillespie.com	13
edhearst@earthlink.net	2
edie.leschber@enron.com	5
editorial@mail.realtimetraders.com	9
editto@edisonmission.com	5
edmundg@manfinancial.com	2
ednemec@earthlink.net	26
edo711@hotmail.com	6
edoziedaniel@yahoo.com	1
edrington@uthscsa.edu	6
edtgroup@eei.org	5
eduncan2@arterhadden.com	5
edward.barker@dti.gsi.gov.uk	3
edward.baughman@enron.com	6
edward_smida@enron.net	2
eellwanger@triumphboats.com	12
eesbusinesscenter@enron.com	3
eesofficeofchairman@enron.com	18
ehamlin@czn.com	1
eharris@bracepatt.com	1
eharris@insightpartners.com	28
ehernandez2@ci.santa-ana.ca.us	4
eileen.ogrady@dowjones.com	9
ejmcfarland@yahoo.com	1
eks3742@aol.com	3
el-hage_charles@bah.com	5
elaina5@hotmail.com	6
electronic_communication@americancentury.com	1
elizabeth.bouldin@travelpark.com	1
elizabeth.l.hernandez@enron.com	18
elizabeth.rivera@bridgeline.net	11
elizabeth.sager@enron.com	19
elizabeth.tilney@enron.com	3
elizabeth_jordan@aimfunds.com	5
ellen.su@enron.com	6
ellen.wallumrod@enron.com	50
elliot.mainzer@enron.com	59
ellopez@paalp.com	1
eloise.williams@enron.com	1
elove@coair.com	6
elspeth.inglis@enron.com	2
email.announcement@alaskaair.com	75
email.services@andale.com	2
email@lisc.net	1
emailserver@pop3.amadeus.net	1
emilio.vicens@enron.com	2
emily.manning@mirant.com	2
emma.vine@gvsi.com	1
emmye@dracospring.com	18
enchcoln@telusplanet.net	2
enelson@socalgas.com	12
enerfax@msn.com	32
enewsletter@handspring.4at1.com	6
engagingnews@news.weddingchannel.com	6
enormand@bsfllp.com	3
enr2000@swbell.net	6
enron.london.mediacuttings@enron.com	7
enron@easymatch.com	5
enron@houston.rr.com	14
enron_update@concureworkplace.com	6
enronmessagingsecurity@enron.com	1
epa2537@epa.state.il.us	3
epurtzki@deloitte.ca	9
erb@apple.com	2
erb@mac.com	2
erewards_@greatideas.compaq.com	3
eric.bass@ubswenergy.com	1
eric.hughson@colorado.edu	1
eric.moon@enron.com	12
eric.smith@qwest.com	6
erica.garcia@enron.com	2
erik.serio@enron.com	1
erik.solis@ubspainewebber.com	1
erik_benke@hotmail.com	2
erinwill@yahoo.com	3
eronn@mail.utexas.edu	4
esorenson@cqg.com	3
espnnews_sp2@espn.go.com	1
espnnews_sp4@espn.go.com	1
esq@lawlist.com	2
esteakley@fulbright.com	1
esther.dasilva@enron.com	7
ethink@enron.com	105
eubusinessweek@eubusiness.com	1
euco.uutela@t-online.de	3
euromoney@euromoney.com	4
eva.rainer@enron.com	15
evelynsimon@msn.com	2
everett_plante@enron.net	1
exclusive_ofers@sportsline.com	4
expedia.com_007739@expedia.customer-email.com	3
expedia.com_009012@expedia.customer-email.com	3
expedia.com_010891@expedia.customer-email.com	3
fabian.lipp@lgeenergy.com	18
fackel@yahoo.com	2
facundo.caminos@enron.com	1
faretracker_018026@expedia.customer-email.com	2
faretracker_019198@expedia.customer-email.com	3
fatschott@hotmail.com	1
features@datek.m0.net	5
feedback@infobeat.com	3
feedback@intcx.com	47
feedback@travelocity.com	1
feedback@travelocity.m0.net	64
felinewoman@msn.com	8
fermis@hotmail.com	7
ffisch@fdic.gov	6
fidrych@wapa.gov	1
fillip@gateway.net	1
flbusot@tecoenergy.com	10
flebourdais@hpmbc.com	2
flemingryan99@hotmail.com	7
flightstatus@orbitz.com	2
flycheap@promos.flycheap.com	3
followup@reg.net	3
forbess@coned.com	2
forrester@forrester.com	5
forte3@accord01.comp.pge.com	13
fortem@coned.com	18
foster.smith@elpaso.com	1
fran.chang@enron.com	115
fran.fagan@enron.com	34
frances_guerrero@pagenet.com	4
francisco@aoc-aes.com	1
frank.ermis@enron.com	3
frank.hayden@ubswenergy.com	31
frank.hobson@elpaso.com	6
frank.prejean@enron.com	1
frazier.king@enron.com	41
fred.cohagan@enron.com	1
fred.kelly@enron.com	1
fred.lagrasta@enron.com	5
fred.mitro@enron.com	1
fred.philipson@enron.com	7
fred.sampaio@enron.com	1
fredrik.eriksson@enron.com	1
fredrikson_hans@jpmorgan.com	1
freetrial@mmtgrp.com	2
fricciuti@dceg.com	3
fritzb @swbell.net	4
frontierairlines@flyfrontier.com	2
ftonyc@worldnet.att.net	1
fushoo1@yahoo.com	1
fvehon@dillonserv.com	2
fvictoria@isigrp.com	4
fwic@chevron.com	4
fwinston@caiso.com	6
fwu@llgm.com	10
fxhall@yahoo.com	6
gabriel.fuentes@enron.com	1
gael.doar@enron.com	1
gail@teleport.com	6
gail_jones@transcanada.com	1
games-register@yahoo-inc.com	5
garrett@jobmenu.com	1
garry.d.wilson@enron.com	2
gary.bryan@enron.com	17
gary.gault@ngx.com	1
gary.hickerson@enron.com	9
gary.macey@pgnmail.com	3
gary.peng@enron.com	1
gary.spraggins@enron.com	6
gary.taylor@enron.com	2
gary@henrypetroleum.com	2
gascontrol@aglresources.com	45
gasnews@mail.energycentral.com	3
gatoomu654@yahoo.com	1
gavin.dillingham@enron.com	1
gavin_reichman@aimfunds.com	3
gayla.jones@williams.com	1
gbass@semprasolutions.com	2
gberry@solutionsco.com	3
geiland@velaw.com	1
gene.humphrey@enron.com	3
geoff.pollard@enron.com	2
george.huan@enron.com	12
george.james@morganstanley.com	1
george.lojko@enron.com	1
george.mckean@enron.com	1
george.thomas@enron.com	2
george.waidelich@enron.com	1
george.wasaff@enron.com	9
george.weissman@enron.com	19
georgeanne.hodges@ubswenergy.com	1
georgette@hawkespeers.com	7
gerald.gilbert@enron.com	7
geraldine.irvine@enron.com	3
gerry.medeles@enron.com	14
gfergus@brobeck.com	229
ggodley@bracepatt.com	6
ghie73@hotpop.com	1
gift@giveanything.com	1
gil_melman@enron.net	5
gillian.johnson@enron.com	4
gilsmith@houston.rr.com	5
gina.corteselli@enron.com	16
gina.karathanos@enron.com	1
gina.taylor@enron.com	12
ginger.dernehl@enron.com	107
gjporter@midamerican.com	2
glandau@bbnow.net	2
glander@skippingstone.com	11
glenn.leslie@blakes.com	2
global_agenda@lists.economist.com	10
gloruscitti@hotmail.com	4
glynda.becker@mail.house.gov	3
gm@powerloom.com	2
gmann@viviance.com	2
gmontalvo@mmm.com	1
goozmeister@yahoo.com	3
gordont@hawaii.edu	3
gordonwatson@btinternet.com	1
gpierce@camh.org	5
grace.rodriguez@enron.com	98
grace.taylor@enron.com	3
grahamk@usfilter.com	4
grant_kolling@city.palo-alto.ca.us	14
great_star@msn.com	1
greg.blair@enron.com	15
greg.couch@enron.com	24
greg.hermans@enron.com	2
greg.johnston@enron.com	12
greg.mann@enron.com	10
greg.piper@enron.com	122
greg.poynter@williams.com	1
greg@apbenergy.com	6
greg_brady@i2.com	4
greg_riddick@kindermorgan.com	1
greg_rutchik@yahoo.com	2
greg_woulfe@enron.net	7
gregg.penman2@enron.com	1
gregory.felton@cgiusa.com	12
gregory.mcintyre@enron.com	3
gregoryklatt@earthlink.net	10
grosenbl@exchange.ml.com	20
grosenblum@eob.ca.gov	1
grs4ferc@starpower.net	59
gsheble@iastate.edu	1
gtcook@academicplanet.com	1
guessingkeep@hotmail.com	2
guillaume.dedalmas@csfb.com	2
guillermo.canovas@enron.com	17
gunndi@bellsouth.net	3
guy.ishikawa@enron.com	3
guy.sharfman@enron.com	3
guzman27@email.msn.com	9
gwave85@hotmail.com	1
gy983773@msxsepc.shell.com	3
hagensick@tigfirstsource.com	1
hakeem.ogunbunmi@enron.com	2
hal.lenhart@apollogrp.edu	13
halth@andrews-kurth.com	24
hariyont@indosat.net.id	2
harmeier@hotmail.com	1
harold.g.buchanan@enron.com	1
hartz@zapmedia.com	6
hasnah.mat-amin@pacificorp.com	3
hayley@turn.org	6
haysletr@flash.net	20
health-9823c6ax@emazing.com	2
healyw@epenergy.com	26
heath.schiesser@enron.com	11
heath@idealab.com	1
heather.alon@enron.com	5
heather.kroll@enron.com	50
heather.mathis@enron.com	14
heidi_grubbs@enron.net	1
heidiblack@houston.rr.com	1
heidiho@eatel.net	2
helen.haynes@enron.com	1
help@ticketsupport.com	3
heltonm@cl.uh.edu	1
henning.bruttel@drkw.com	8
henry.baker@enron.com	3
herbl@amerexenergy.com	14
herekitty58@msn.com	1
heroldjm@tdprs.state.tx.us	2
hershell.ezrin@gpcinternational.com	1
hes@vnf.com	3
hgovenar@govadv.com	4
hhth@earthlink.net	2
hhu@mail.law.utexas.edu	1
hjjjc@mail.pt	1
hjpark1970@yahoo.com	1
hkjii@erols.com	1
hlarson@dlcppi.org	3
hlavinka@wcnet.net	1
hlenhart@msn.com	1
hmayberry@att.com	1
holfati@ispheres.com	2
hollitah@aol.com	1
hollyw@email.msn.com	19
holt@mail.motorfuels.com	3
hope.vargas@enron.com	1
horace.snyder@enron.com	1
hosman@eskridge.net	78
hot-farealert@hotwire.m0.net	4
hotdeals@mail.hotelresnetwork.com	1
hotopps_4k@yahoo.com	1
hotwanger@hotmail.com	1
hotwebcash@lists.adversend.com	51
houston@alumni.utexas.edu	1
howard.levine@enron.com	1
howton.k@ghc.org	24
hoyi7466@flashmail.com	1
hoytm@hughesluce.com	3
hrobertson@cloughcapital.com	3
hshaver@utilicorp.com	2
hsmith3@attglobal.net	21
htebs@huber.com	7
hubertart@earthlink.net	3
human.resources@enron.com	12
hunter-jessica@houston.rr.com	4
hunter.s.shively@enron.com	55
huntertd@sce.com	6
hurst.julie@emeryworld.com	1
husnain.mirza@enron.com	2
hweg@pgwlaw.com	5
hwillmert@cilco.com	3
hyperion@hyperioninfo.01o.com	2
i2@sevista.net	1
iali.mba2002@ivey.ca	3
ialphonso@garygreene.com	1
ian.cooke@enron.com	3
ian@isanderson.com	3
iatamura@nyc.mitsui.com	4
ibuyit@enron.com	3
ic@enron.com	1
icehelpdesk@intcx.com	6
idahofitzs@aol.com	1
ie1959@excitie.com	1
igsinc@ix.netcom.com	9
imad_tareen@enron.net	1
imceanotes-101qi+40msn+2ecom+40enron@enron.com	1
imceanotes-1rop+40msn+2ecom+40enron@enron.com	1
imceanotes-a21521+40start+2eno+40enron@enron.com	1
imceanotes-acedirect+40aircanada+2eca@enron.com	3
imceanotes-ahafner2+40csc+2ecom+40enron@enron.com	1
imceanotes-angela+20ramirez+40enron@enron.com	1
imceanotes-astorey+40nyiso+2ecom+40ees@enron.com	1
imceanotes-auto-confirm+40amazon+2ecom@enron.com	7
imceanotes-b16906+40k+2ero+40enron@enron.com	1
imceanotes-bagross+40aep+2ecom+40enron@enron.com	1
imceanotes-becky+20pitre_hou_ees+40ees@enron.com	2
imceanotes-bkv6+40msn+2ecom+40enron@enron.com	1
imceanotes-bobaymon+40aol+2ecom+40enron@enron.com	4
imceanotes-body+20shop+40enron@enron.com	3
imceanotes-breakingnews+40cnn+2ecom@enron.com	10
imceanotes-c22650+40188+2enet+40enron@enron.com	1
imceanotes-c29143+40mail+2eru+40enron@enron.com	1
imceanotes-carol2d+40aol+2ecom+40enron@enron.com	1
imceanotes-catsag+40aol+2ecom+40enron@enron.com	1
imceanotes-cbulf+40oneok+2ecom+40enron@enron.com	2
imceanotes-chilling+40yahoo+2ecom+40ees@enron.com	1
imceanotes-chr77h3+40msn+2ecom+40enron@enron.com	1
imceanotes-click+20at+20home+40enron@enron.com	13
imceanotes-clickathome+40enron@enron.com	49
imceanotes-cmefbkk+40aol+2ecom+40enron@enron.com	1
imceanotes-coganja+40aol+2ecom+40enron@enron.com	2
imceanotes-community+20events+40enron@enron.com	2
imceanotes-concierge+20service+40enron@enron.com	6
imceanotes-csbmyo78+40msn+2ecom+40enron@enron.com	1
imceanotes-d2972+40iobox+2efi+40enron@enron.com	1
imceanotes-dcongel+40nyiso+2ecom@enron.com	12
imceanotes-dhoog+40att+2enet+40enron@enron.com	1
imceanotes-djhill+40skadden+2ecom@enron.com	1
imceanotes-djhyvl+40aep+2ecom+40enron@enron.com	2
imceanotes-drom+40pjm+2ecom+40enron@enron.com	2
imceanotes-e16002+40slo+2enet+40enron@enron.com	1
imceanotes-elm+40enron@enron.com	38
imceanotes-enn+40enron@enron.com	4
imceanotes-enron+20gss+40enron@enron.com	8
imceanotes-ep4xcy1u+40msn+2ecom+40enron@enron.com	1
imceanotes-f17433+40sapo+2ept+40enron@enron.com	1
imceanotes-fciani+40nyiso+2ecom@enron.com	6
imceanotes-fh5+40inha+2eac+2ekr+40enron@enron.com	1
imceanotes-g18361+40home+2ero+40enron@enron.com	1
imceanotes-geresj+40tdusa+2ecom+40enron@enron.com	1
imceanotes-gisb+40aol+2ecom+40enron@enron.com	1
imceanotes-gisb1+40aol+2ecom+40enron@enron.com	5
imceanotes-gisb4+40aol+2ecom+40enron@enron.com	3
imceanotes-grassy+40grassy+2ecom@enron.com	1
imceanotes-gwilliams+40nyiso+2ecom@enron.com	2
imceanotes-gwoulfe+40enron+2ecom@enron.com	1
imceanotes-hd1b62+40msn+2ecom+40enron@enron.com	1
imceanotes-hrgim+40enron+2ecom+40enron@enron.com	1
imceanotes-ibuyit+40enron+2ecom@enron.com	2
imceanotes-jcharlton+40nyiso+2ecom@enron.com	15
imceanotes-jeff+20skilling+40enron@enron.com	8
imceanotes-jeppnp+40aol+2ecom+40enron@enron.com	5
imceanotes-jim+20derrick+2e+40enron@enron.com	3
imceanotes-jpcjpc57+40aol+2ecom+40enron@enron.com	1
imceanotes-jsavitt+40nyiso+2ecom@enron.com	5
imceanotes-judgecw+40aol+2ecom+40enron@enron.com	5
imceanotes-julia+20white+40enron@enron.com	2
imceanotes-kenrcars+40aol+2ecom+40enron@enron.com	8
imceanotes-kevin+20hyatt+2e+40enron@enron.com	6
imceanotes-kjsnook4+40aol+2ecom+40enron@enron.com	2
imceanotes-laallen+40aep+2ecom+40enron@enron.com	7
imceanotes-louise+40enron+2ecom@enron.com	1
imceanotes-magdelena+20cruz-+40enron@enron.com	2
imceanotes-melissa+20becker+40enron@enron.com	5
imceanotes-mpieniazek+40nyiso+2ecom@enron.com	1
imceanotes-mryantaber+40nyiso+2ecom@enron.com	21
imceanotes-navy2+40uole+2ecom+40enron@enron.com	1
imceanotes-ndrgroup+40att+2enet+40enron@enron.com	5
imceanotes-oewdd+40daum+2enet+40enron@enron.com	1
imceanotes-olive+40aui+2efr+40enron@enron.com	1
imceanotes-pete+2ebewley+40clorox+2ecom@enron.com	1
imceanotes-pgrossman+40ffgklaw+2ecom@enron.com	3
imceanotes-pjamea+40aol+2ecom+40enron@enron.com	4
imceanotes-plemme+40nyiso+2ecom@enron.com	12
imceanotes-prestojj+40aol+2ecom+40enron@enron.com	2
imceanotes-pugezmum+40aol+2ecom+40enron@enron.com	4
imceanotes-pwareing+40aol+2ecom+40enron@enron.com	2
imceanotes-pwm1950+40aol+2ecom+40enron@enron.com	2
imceanotes-ready2go+40enron+2ecom@enron.com	8
imceanotes-robyn+20zivic_na_enron+40ect@enron.com	2
imceanotes-rqk65+40aol+2ecom+40enron@enron.com	2
imceanotes-rscook+40aep+2ecom+40enron@enron.com	1
imceanotes-samchawk+40aol+2ecom+40enron@enron.com	7
imceanotes-skip9+40uole+2ecom+40enron@enron.com	1
imceanotes-smasud+40ladwp+2ecom+40enron@enron.com	1
imceanotes-snsbd7+40aol+2ecom+40enron@enron.com	1
imceanotes-stan+20horton+2e+40enron@enron.com	8
imceanotes-taana5+40usa+2enet+40enron@enron.com	1
imceanotes-tgboldig+40aol+2ecom+40enron@enron.com	1
imceanotes-the+20body+20shop+40enron@enron.com	4
imceanotes-tkirchman+40nyiso+2ecom@enron.com	15
imceanotes-trogg522+40aol+2ecom+40enron@enron.com	3
imceanotes-trytb910+40msn+2ecom+40enron@enron.com	1
imceanotes-ttotten+40nyiso+2ecom@enron.com	16
imceanotes-un1aw85+40post+2esk+40enron@enron.com	1
imceanotes-vbz8g5+40msn+2ecom+40enron@enron.com	2
imceanotes-vross+40nyiso+2ecom@enron.com	1
imceanotes-welcome+40mp3+2ecom+40enron@enron.com	1
imceanotes-wilkma+40usa+2enet+40enron@enron.com	1
imceanotes-word+40m-w+2ecom@enron.com	55
imceanotes-wsx+40wsex+2ecom+40enron@enron.com	1
imceanotes-wvih1ybb+40msn+2ecom+40enron@enron.com	1
ina.rangel@enron.com	130
info@cera.com	1
info@david.se	3
info@energyinformation.org	2
info@evans-automation.com	3
info@futuresindustry.org	1
info@hotelcasci.com	1
info@houstonhomesearch.com	1
info@kitkat.org	2
info@nationalwelding.com	1
info@pmaconference.com	235
inja_chun@enron.net	5
insite@datek.m0.net	2
insynconline.62zbn7bh.d@insync-palm.com	1
insynconline.67y6m5wc.d@insync-palm.com	1
insynconline.6cy6wnvb.d@insync-palm.com	1
intelhomecomputing.d1njhud.j@message.intel.com	3
iol_administrator@iroquois.com	2
iqpc@processrequest.com	3
iraq@iraq.nu	2
irena.d.hogan@enron.com	59
irismmack@hotmail.com	6
issuealert@scientech.com	282
issupport@imagestation.com	1
itsc@ferc.fed.us	1
iuaanews@indiana.edu	1
j.nesmith@prodigy.net	3
j1h1carter@hotmail.com	1
j25656@spray.no	1
j723@netmailing.cc	2
jabretz@duke-energy.com	6
jacek.glowacki@enron.com	1
jack.howard@enron.com	34
jack.levy@gs.com	2
jackh@rmdfw.com	2
jackson.logan@enron.com	18
jacqueline.richard@enron.com	1
jacton@crai.com	3
jad.doan@enron.com	59
jadams@ercot.com	3
jaguar@enron.com	1
jake.staffel@enron.com	2
jake_scarbrough@hotmail.com	1
jakenlaneysmom@hotmail.com	3
jaki_l._hawkins@jonesday.com	30
james.a.hughes@enron.com	14
james.armstrong@enron.com	2
james.brennan@ubsw.com	3
james.buzek@enron.com	1
james.e.keller@enron.com	1
james.heckler@csfb.com	54
james.houston@compaq.com	6
james.hungerford@enron.com	50
james.klatell@turner.com	1
james.love@msl.redstone.army.mil	12
james.m.wood@enron.com	1
james.n.lessor@enron.com	1
james.r.barker@enron.com	2
james.sandt@enron.com	2
james.simpson@enron.com	11
james.studebaker@enron.com	25
james.sweet@enron.com	1
james.whitehead@enron.com	1
james.wiltfong@enron.com	1
james_pelland@dell.com	1
jamesbolton@the-spires.com	3
jameyestes@yahoo.com	9
jan.johnson@enron.com	2
jan.s.partin@williams.com	1
jan_levine@travisintl.com	8
jane.stothers@foothillspipe.com	4
jane@wildeconst.com	1
jane_ratchye@city.palo-alto.ca.us	1
janet.bowers@enron.com	1
janet.h.moore@enron.com	1
janet.place@enron.com	8
janice.hogan@enron.com	1
janice.r.moore@enron.com	4
janine.cashin@enron.com	4
janspecials@ino.com	1
jantom65@yahoo.com	8
jason.choate@enron.com	7
jason.jennaro@enron.com	5
jason.jones@enron.com	1
jason.panos@enron.com	3
jason.sonnier@enron.com	1
jason.williams@enron.com	6
jason.wolfe@enron.com	27
jastone@southernco.com	14
jay.ferry@enron.com	1
jay.wilson@mirant.com	1
jay.yparraguirre@enron.com	2
jayshree.desai@enron.com	11
jbarr@bracepatt.com	1
jbarry@eyeforenergy.com	3
jbennett@gmssr.com	29
jberry@mail.michbar.org	1
jbirt@attbi.com	1
jbrenner@wilmer.com	1
jburns9447@aol.com	1
jchen@brobeck.com	19
jconto@ercot.com	1
jcoy@midcoastenergy.com	4
jcukierman@exchange.ml.com	2
jdaniel@allianceworldwide.com	3
jdilg@velaw.com	19
jdquillen@yahoo.com	27
jdreskin@ingaa.org	13
jdultahoe@aol.com	1
jdupuy@swagroup.com	2
jdwatkiss@aol.com	1
jean.mcfarland@enron.com	31
jean.ryall@enron.com	8
jeanie.slone@enron.com	72
jeanj@earthlink.net	1
jeanne.wukasch@enron.com	4
jeannie.mandelker@enron.com	1
jeff.andrews@enron.com	4
jeff.huo@enron.com	3
jeff.johnson@enron.com	3
jeff.king@enron.com	3
jeff.maack@ipgdirect.com	24
jeff.royed@enron.com	6
jeff.shannon@honeywell.com	3
jeff.whippo@enron.com	2
jeff.young@paconsulting.com	5
jeff_deanna_harris@hotmail.com	3
jeffb@tpt.com	3
jeffberlat@mindspring.com	2
jeffery.fawcett@enron.com	21
jeffrey.a.shankman@enron.com	44
jeffrey.ball@csfb.com	2
jeffrey.jackson@nextel.com	3
jeffrey.keenan@enron.com	2
jeffrey.sherrick@enron.com	3
jeffrey.sprecher@intcx.com	2
jeffseely_008786@netstock.customer-email.com	2
jeffseely_008787@netstock.customer-email.com	2
jeffseely_010492@netstock.customer-email.com	2
jeffseely_017804@netstock.customer-email.com	2
jeffshaw00@hotmail.com	1
jeffw@calpine.com	2
jempol@epsa.org	19
jennifer.bagwell@enron.com	3
jennifer.basinski@enron.com	4
jennifer.costa@neg.pge.com	1
jennifer.fraser@enron.com	38
jennifer.k.longoria@enron.com	20
jennifer.mcquade@enron.com	42
jennifer.medcalf@enron.com	3
jennifer.mendez@enron.com	9
jennifer.newbrough@enron.com	6
jennifer.thome@enron.com	32
jennifer.velasco@enron.com	20
jenniferlyons@optinnetwork.0i1i.net	1
jenniferp@acespower.com	3
jep@wincrest.com	4
jeremy.thirsk@enron.com	2
jeremy.weinstein@pacificorp.com	5
jerry.britain@enron.com	2
jerry.d.martin@enron.com	2
jerry.earle@compaq.com	2
jerry.wilkens@enron.com	1
jerry@texas1031.com	1
jesse.bryson@enron.com	10
jesse.gonzalez@enron.com	1
jesse_morris@enron.net	1
jessica.burry@enron.com	2
jessica@teamgolf.com	3
jgallagher@epsa.org	148
jgaribaldi@hanoverco.com	2
jgillaspieci3@netzero.net	10
jglass@northelginteleport.com	1
jgriffin@mtpower.com	1
jhartwig@hal-pc.org	1
jhawker@petersco.com	84
jhester1@satx.rr.com	2
jhgriff@earthlink.net	1
jhuff@oii.oceaneering.com	8
jhunt@nicor.com	2
jhunter@varco.com	1
jill.chatterton@enron.com	59
jill.erwin@enron.com	1
jim.buerkle@enron.com	2
jim.derrick@enron.com	4
jim.fallon@enron.com	53
jim.little@enron.com	2
jim.schwieger@enron.com	16
jim_piro@pgn.com	5
jimmy.manguba@enron.com	4
jimmystorey@fbcc.com	15
jjcardiff@duke-energy.com	13
jjohns@lemle.com	20
jjtaylor@reliant.com	6
jkbowles@hotmail.com	48
jkriendler@yahoo.com	6
jkwicklund@dainrauscher.com	8
jlhawkins%jonesday@jonesday.com	6
jljl4@swbell.net	4
jlopez@cvcnet.com	8
jls@fullenweider.com	7
jmaciasheard@hotmail.com	1
jmalarsk@customerlinkone.com	1
jmartin@stern.nyu.edu	3
jmayers@kc.rr.com	3
jmertz@caiso.com	2
jmickey@ercot.com	1
jminniece@sbcglobal.net	6
jmjong@hotmail.com	6
jmontalvo@rayhendren13.com	1
jmvkad@earthlink.net	1
jmwatson@tecoenergy.com	7
jnash@cerner.com	12
jngail@hotmail.com	1
joan.collins@enron.com	7
joan.lipuscek@enron.com	1
joandave@pdq.net	1
joann.scott@ferc.fed.us	4
joanna_williams@hotmail.com	1
joanne.bennett@blakes.com	6
joaocarlos.albuquerque@enron.com	1
jodi.droll@xcelenergy.com	1
jodis@questar.com	7
joe.bucio@enron.com	2
joe.darensbourg@enron.com	4
joe.king@enron.com	1
joe.kishkill@enron.com	14
joe.quenet@enron.com	5
joe.stepenovitch@enron.com	8
joe.wong@enron.com	4
joe_b_fulmer@comerica.com	3
joe_hall@drsoptronics.com	11
joebeth@flash.net	3
joeminniece@gumps.com	13
joesanchez@ev1.net	1
johan.louw@painewebber.com	3
john.allario@enron.com	11
john.arnold@enron.com	76
john.buckner.thomas@enron.com	1
john.chambers@bisys.com	5
john.cummings@enron.com	10
john.d.postlethwaite@enron.com	113
john.d.powell@enron.com	7
john.disturnal@enron.com	1
john.dushinske@enron.com	2
john.gillespie@enron.com	9
john.griffith@enron.com	69
john.keiser@enron.com	44
john.l.nowlan@enron.com	4
john.llodra@enron.com	11
john.long@enron.com	5
john.m.lambie@faa.gov	4
john.malowney@neg.pge.com	1
john.mccarthy@enron.com	3
john.monaco@citi.com	2
john.oh@enron.com	19
john.r.keller@enron.com	3
john.shafer@enron.com	3
john.sturn@enron.com	14
john.swinney@enron.com	1
john.theotonio@nerc.net	1
john.topgear@ukgateway.net	2
john.zilker@enron.com	3
john.zurita@enron.com	2
johncraig.taylor@enron.com	2
johne@wildeconst.com	1
johnsonws@earthlink.net	4
jon.chapman@enron.com	1
jon_topolski@msn.com	2
jonathan.marsh@enron.com	1
jonathan.whitehead@enron.com	2
jonch@magic.pmh.on.ca	3
joni.bollinger@enron.com	1
joni.veselack@neg.pge.com	31
jonpaul.lewis@enron.com	1
jons@amerexenergy.com	20
jonusaid@staff.abanet.org	1
jordan.mintz@enron.com	22
jorge.souza@enron.com	2
josabank.um.a.12.306@vremail.com	1
jose.bestard@enron.com	28
josena@flash.net	4
joseph.capasso@enron.com	5
joseph.deffner@enron.com	65
joseph.delaney@morganstanley.com	4
joseph.koothrappally@enron.com	1
joseph.lippeatt@enron.com	4
joseph.short@enron.com	1
joseph.wagner@enron.com	9
joseph@epis.com	1
josie.jarnagin@enron.com	1
joyce.thibodeau@pra-core.com	1
joyce.viltz@enron.com	1
jpfeffer@skadden.com	3
jprewitt@pacifier.com	3
jpw@duncanallen.com	3
jqa@mediaone.net	1
jrbonica@bonica.com	4
jrmccord@insync.net	3
jrogers@mofo.com	1
jrw@partnersinwealth.com	3
js7004@telkom.net	1
jsaaty@aws.com	2
jschilke@ix.netcom.com	13
jschneider@cline-law.com	1
jschniedernd@hotmail.com	1
jsherman@skadden.com	1
jsonnenberg@bracepatt.com	3
jstamas@carolina.rr.com	17
jsuwara@sempra.com	12
jtanzer@we-law.com	4
jtatum@genescosports.com	2
jtaylor@firstunion1.com	1
jthompson@idahopower.com	2
jturnure@icfconsulting.com	3
juan.padron@enron.com	8
juantongia.calvin@enron.com	3
judy.kudym@enron.com	1
judy.lin@enron.com	1
judy.perdomo@ca.pwcglobal.com	3
judy.thorne@enron.com	84
judy.townsend@enron.com	4
julia.murray@enron.com	22
julia.ryan@pse.com	1
julie_ferrara@enron.net	1
julieg@qualcomm.com	46
julieta.sandoval@ubspainewebber.com	1
jumpstar@swbell.net	1
just4hams@aol.com	2
justin.cornett@enron.com	1
justin.rostant@enron.com	108
jvalent@entergy.com	4
jvas24@hotmail.com	1
jvaughn@enervestdgo.com	1
jverner@vernerbrumley.com	4
jwall@cfl.rr.com	4
jwallace@baconwallace.com	1
jward@novient.com	1
jwashing@mail.mdanderson.org	3
jwatson@nwdiagnostic.com	15
jwelch@ijntb.net	1
jwills3@swbell.net	5
jwolf@regenthotels.com	1
jynell.holliday@enron.com	1
jyockey@glgroup.com	4
jzufferli@shaw.ca	6
kajacobs@fs.fed.us	3
kalen.pieper@enron.com	9
kane@partnersnational.com	1
kara.lauer@enron.com	1
kara_ausenhus@enron.net	1
karen.buckley@enron.com	277
karen.d.mcilvoy@enron.com	1
karen.davis@enron.com	5
karen.herrmann@enron.com	1
karen.o'day@enron.com	9
karen_lewis@pgn.com	1
karengoofy@hotmail.com	1
karenm@cpsinet.com	3
karim@karimrashid.com	19
karima.husain@enron.com	6
karl.k.randall@shellenergy.shell.com	2
karl.runions@gov.ab.ca	1
karlr4@zipcon.net	1
karmstrong6@hotmail.com	2
karyn@dewittec.net	1
kasey.davis@enron.com	3
katherine.herrera@enron.com	11
katherine.perry@enron.com	4
kathie.grabstald@enron.com	42
kathryn.sheppard@enron.com	24
kathy.axford@enron.com	2
kathy.dodgen@enron.com	6
kathy.mayfield@enron.com	8
kathy.mcmahon@enron.com	12
kathy@coga.org	1
kathybowers@hotmail.com	1
katie.johnson@eal.ab.ca	1
katiemcmahon99@hotmail.com	4
katina.smith@enron.com	2
katleav@aol.com	1
katyhester@hotmail.com	1
kay.mann@enron.com	48
kay.quigley@enron.com	7
kb@quinnemanuel.com	4
kbailey2@exchange.ml.com	5
kbrown@caiso.com	2
kbtoyoffers@marketing.kbkids.com	5
kc.225910.4853.0@chasereply.kanaonline.com	2
kcairns@ayco.com	1
kcashiola@mariner-energy.com	16
kcato@miami.edu	2
kcheng@jahouston.org	1
kckrisa@worldnet.att.net	20
kcompton@kpcb.com	10
kconnick@technologystaffing.com	3
kdavis@manfinancial.com	1
kecook@earthlink.net	1
keith.considine@enron.com	10
keith.dodson@enron.com	5
keith.holst@enron.com	8
keith.holst@ubswenergy.com	1
kelly.ellis@enron.com	2
kelly.h.boots@enron.com	5
kelly.kimberly@enron.com	2
kelly.lombardi@enron.com	2
kelly.templeton@enron.com	2
kelly_hermann@hotmail.com	1
ken.adams@intcx.com	8
ken.choyce@enron.com	1
kenneth.krasny@enron.com	1
kenneth.lay@enron.com	7
kenneth.m.harmon@enron.com	2
kenny.ha@enron.com	4
kent.castleman@enron.com	1
kerry.roper@enron.com	12
ketchekl@bp.com	16
kevin.alvarado@enron.com	1
kevin.bosse@enron.com	2
kevin.brady@enron.com	16
kevin.garland@enron.com	8
kevin.hannon@enron.com	7
kevin.heal@enron.com	9
kevin.howard@enron.com	54
kevin.madden@ferc.fed.us	2
kevin.may@enron.com	2
kevin.mccutcheon@enron.com	2
kevin.meredith@enron.com	11
kevin@cokinosenergy.com	1
kevin_libby@hotmail.com	1
kevin_nordt@pgn.com	2
kgarton@ou.edu	1
kggruhl@duke-energy.com	3
kharris@tombrown.com	1
kikumi.kishigami@enron.com	6
killian.gilbert-smith@sci-us.com	4
kim.bolton@enron.com	1
kim.d.alexander@enron.com	6
kim.hickok@enron.com	4
kim.kouri@enron.com	5
kim.monk@enron.com	2
kim.ward@enron.com	137
kimberlee.a.bennick@enron.com	4
kimberly.bates@enron.com	113
kimberly.bragg@enron.com	4
kimberly.carter@enron.com	3
kimberly.hundl@enron.com	8
kimberly.hundl@rweamericas.com	1
kimberly.nelson@enron.com	26
kimberly.watson@enron.com	192
kingram@lockeliddell.com	5
kingranch@clickaction.net	1
kirit.r.purbhoo@enron.com	3
kirk.neuner@enron.com	1
kit.blair@enron.com	22
kkenn2@jcpenney.com	1
kkgaz@daum.net	1
kkincb@home.com	1
kkinsella@mail.ccsd.k12.co.us	1
kknott@jdf.org	3
kmpresto@msn.com	5
kmturner@flex.net	4
knipe3@msn.com	81
konner_everhard@seaboardpork.com	1
kori.loibl@enron.com	6
kparks1@houston.rr.com	3
kpugh@pkns.com	2
kricheson@usasean.org	1
krifisher@hotmail.com	20
kristen.clause@enron.com	6
kristen.j.hanson@enron.com	1
kristenm@jschmid.com	2
kristian.j.lande@enron.com	1
kristin.gandy@enron.com	14
kristin.link@powerpool.ab.ca	1
kristin.stathis@enron.com	5
kristine.best@enron.com	1
kristiwallis@sprintmail.com	18
krodrigu@icc.state.il.us	1
kroum.kroumov@enron.com	4
krpybus@bizjournals.com	3
krumme@mdjwlaw.com	1
kslambert2001@hotmail.com	6
ktullier@hotmail.com	2
ktycholiz@houston.rr.com	12
kurt_w_miller@pgn.com	1
kvanpelt@flash.net	111
kwebster@eprod.com	3
kwitcosky@portlanddev.org	2
kyle.kettler@dynegy.com	6
kyle.kitagawa@enron.com	6
kyle.tice@dplinc.com	2
kzelikovitz@mariner-energy.com	1
l.carver@consortresources.com	1
l.koob@gte.net	4
la.donna.finnels-neal@enron.com	2
lacker@llgm.com	1
lacooper@dow.com	8
lacye.trevino@enron.com	1
ladams5799@aol.com	2
ladyrich@juno.com	1
laine.lobban@elpaso.com	16
laird.dyer@enron.com	7
lamb@wrightlaw.com	3
lamoss@duke-energy.com	16
lana.moore@nesanet.org	49
lance.schuler-legal@enron.com	13
laquitta.washington@enron.com	5
lara.wright@bakerhughes.com	1
larry.bautista@elpaso.com	2
larry.berger@enron.com	16
larry.bevans@elpaso.com	7
larry.ciscon@enron.com	1
larry.gagliardi@enron.com	1
larry.gleffe@enron.com	7
larry.lawyer@enron.com	3
larry.lerner@citadelgroup.com	1
larry.may@enron.com	6
larry.may@ubswenergy.com	5
larry9h@swbell.net	2
larry_centola@laed.uscourts.gov	2
larrybias@houston.rr.com	5
larrywolfe@ezeeweb.com	3
larsen@netcommander.com	1
laura.e.webner@enron.com	2
laura.giambrone@enron.com	2
laura.levy@enron.com	50
laura.luce@enron.com	87
laura.okeefe@bridgeline.net	4
laura.schwartz2@enron.com	1
lauren.christie@enron.com	2
laurinh@prodigy.net	3
lawfeder@msn.com	17
laynie.east@enron.com	11
lbarton@hesinet.com	10
lbrobins@gapac.com	1
lcg@europa.com	1
lcw4@pge.com	8
ldriscoll@campagne.com	1
lea.savala@enron.com	1
leaf.harasin@enron.com	3
lee.baker@enron.com	3
lee.delong@travelpark.com	1
lee.huber@enron.com	14
lee.l.papayoti@enron.com	8
leemobley@excite.com	2
leena.mathews@enron.com	16
leesa.white@enron.com	10
leesi@axl.ca	1
leevan2@aol.com	1
legal.temp9@enron.com	2
lenny.hochschild@enron.com	5
lesley.ayers@enron.com	3
lesleycm@hotmail.com	6
leslie.lawner@enron.com	27
leslie.reeves@enron.com	25
leslie.then@enron.com	3
lex_carroll@enron.net	42
lexi.elliott@enron.com	10
lexserv@cadvision.com	3
lfeusi@caiso.com	5
lfrederick@ingenieros.com	3
lfswoy@tecoenergy.com	3
lgiroir@exchange.ml.com	6
lgoldman@palex.com	2
lhand@lemle.com	26
lhazzard@firstam.com	26
lhernandez@luce.com	4
lhost@ecc.net	1
lhoward@wt.net	3
li.doyle@ielectric.com	1
lillian.bailey@enron.com	8
linda.hawkins@enron.com	2
linda.l.lawrence@enron.com	5
linda.sietzema@enron.com	1
linda.stewart@powersrc.com	2
lisa.costello@enron.com	10
lisa.doig@oemi.com	3
lisa.druzbik@enron.com	27
lisa.fawcett@enron.com	3
lisa.hesse@enron.com	12
lisa.hobbs@wessexwater.co.uk	6
lisa.mellencamp@enron.com	62
lisa.robichaux@enron.com	2
lisa.sutton@enron.com	5
lisa.upchurch@enron.com	2
lisa@imarkets.com	4
lisa_cousino@enron.net	1
lisab@int.iwhm.com	13
lisano@calpine.com	5
lisbeth.guerrero@morganstanley.com	2
lissa.rosenthal@csfb.com	4
listmanager@dstarnet.com	6
lists@u2.com	12
listsupport@internet.com	9
litebytz@enron.com	10
littler@swbell.net	2
liz.fricke@neg.pge.com	3
liz.legros@enron.com	6
lizmunson@yahoo.com	11
ljackson@caem.org	6
lkennedy@skadden.com	1
lkettlewell@tribune.com	4
llewelyn.hughes@enron.com	1
lloil@telusplanet.net	1
llorens@petroleumargus.com	1
lloyd.dickerson@enron.com	2
lmarlatt@br-inc.com	32
lmartin@epsa.org	11
lmartinez@pme.katy.isd.tenet.edu	4
lmcmurray@exchange.ml.com	8
lmildren@bracepatt.com	1
lmudd@firstam.com	3
lnemec@ect.enron.com	8
lodgesarah@hotmail.com	1
longhornliz@mail.utexas.edu	6
looksee@rocketmail.com	2
lora.aria@lgeenergy.com	4
loretta.mcgowan@enron.com	1
loretta_brooks@enron.net	9
lori.pinder-metz@enron.com	8
loric@questar.com	2
lorna.brennan@enron.com	138
lorna.pennicooke@enron.com	1
lorraine.becker@enron.com	3
lou.leffler@nerc.net	3
louise.kitchen@enron.com	259
lowratez_929@netian.com	1
lrivera@endesa.es	12
lroberts@namonline.org	1
lrodrigu@pcc.edu	3
lscrivener@davis.ca	2
lselden1@excite.com	1
lsilva@ci.glendale.ca.us	1
lt_truong@yahoo.com	1
ltownsend@lglawfirm.com	1
lucy_marshall@enron.net	12
luis.mena.2003@anderson.ucla.edu	5
lulu@sonet.net	2
lwilliams26fusa@netscape.net	10
lwin@gbmdc.com	8
lyle.larkworthy@enron.com	2
lynn.aven@enron.com	3
lynnek@rppi.org	3
m1d@nwnatural.com	1
m_besch@yahoo.com	7
madhup.kumar@enron.com	2
maengelhardt@collinsbarrow.com	4
magajihassan@madmail.com	1
maggie_timmins@cdnoxy.com	10
maggiemschf@yahoo.com	5
magnani@thesearchcenter.com	1
mail@briggsathome.com	1
mailbot@datek.com	47
mailer-daemon@bchydro.bc.ca	6
mailer-daemon@imcingular.com	4
mailer-daemon@multi28.netcomi.com	3
mailto:[mailto:kjone19@home.com]	1
mailto:[mailto:phillip.k.allen@enron.com]	1
mailto:[smtp:cr1@ctw.com]	3
mailto:andrea.ring@ubswenergy.com	1
mailto:andrew.edison@enron.com	1
mailto:andrewloos@hotmail.com	1
mailto:anthony_j_gallo@sunoil.com	1
mailto:arsystem@mailman.enron.com	3
mailto:barbara.bogenrief@nerc.net	1
mailto:barnesfamilyus@prodigy.net	3
mailto:bbroby1@home.com	1
mailto:bcragg@gmssr.com	1
mailto:beth.ng@morganstanley.com>	4
mailto:bharsh@puget.com	1
mailto:brian.o'neill@wrightline.com	1
mailto:bungalowlife@yahoo.com	2
mailto:cara.semperger@enron.com	7
mailto:case.admin@sce.com	1
mailto:chris.hilgert@enron.com	3
mailto:chris.stokley@enron.com	1
mailto:cpmccart@llgm.com	3
mailto:cstutzman@kennedywilson.com>	1
mailto:daughes@pjm.com	5
mailto:dbrown@bracepatt.com	1
mailto:dennis@thegartmanletter.com>	2
mailto:djack@keyad.com>	1
mailto:don_deach@calpx.com>	10
mailto:donndee@webtv.net	2
mailto:dtran@energy.state.ca.us>	1
mailto:dwatkiss@bracepatt.com	2
mailto:edgonzales@ev1.net	1
mailto:emainzer@attbi.com	2
mailto:erwollam@hotmail.com	2
mailto:evelyn@wscc.com	3
mailto:galea@mcgown.com	1
mailto:ginger@ffcadopt.com	3
mailto:glenda.rodriguez@nerc.net	1
mailto:greg.blair@enron.com	7
mailto:grs4ferc@starpower.net	1
mailto:gthorse@keyad.com>	1
mailto:ibuyit.payables@enron.com>	2
mailto:ipayit@enron.com	1
mailto:ipayit@enron.com>	2
mailto:irisorise@aol.com	1
mailto:james.hungerford@enron.com	1
mailto:jbelcher@chemweek.com	3
mailto:jennifer_peterson@cpr.ca	1
mailto:jgallagher@epsa.org>	1
mailto:jimmystorey@fbcc.com	5
mailto:joe.parks@bridgeline.net	3
mailto:john.millar@enron.com	2
mailto:jovijourney@msn.com	1
mailto:jpalin@pwrteam.com	2
mailto:jvega@reliant.com	2
mailto:kalmeida@caiso.com>	7
mailto:kenney@pjm.com	4
mailto:kevin.m.presto@enron.com	1
mailto:knipe3@msn.com	7
mailto:laura.jewett@bakerbotts.com	2
mailto:mark.watts@wessexwater.co.uk>	1
mailto:martinahassett@mbvlaw.com	1
mailto:membership@presidentialprayerteam.org	1
mailto:mfleming@lehman.com>	3
mailto:mfranz@sppc.com	1
mailto:mhughes@paincarecenter.com	2
mailto:mike.boyd@aspect.com	1
mailto:paul.deboer@motorola.com	2
mailto:richard.toubia@truequote.com>	2
mailto:rperrine@one-eleven.net	8
mailto:rvanden@caiso.com>	2
mailto:sara.shackleton@enron.com	3
mailto:sbehrend@llgm.com	2
mailto:spnoe@duke-energy.com	3
mailto:stweet@deloitte.ca>	1
mailto:susan.j.mara@enron.com]	2
mailto:tbradley@bracepatt.com>	3
mailto:tracy.geaccone@enron.com	2
mailto:wh9604@hotmail.com	4
mailto:william_p_saviers@dom.com	1
mainesa@natfuel.com	5
majed.nachawati@enron.com	1
majordomo@playersonly.com	3
majors.caldwell@caminus.com	1
makris@emrecruiting.com	2
maksym.yegorychev@owen2002.vanderbilt.edu	8
mallik.avs@enron.com	2
mam@teamlead.com	9
mancini@bcm.tmc.edu	1
mangumm@themangumgroup.com	6
mansoor.abdmoulaie@enron.com	35
mara.gonzalez@enron.com	2
marc.bir@enron.com	2
marc.eichmann@enron.com	1
marc.hellman@state.or.us	2
marc.manly@enron.com	1
marc.sabine@enron.com	1
marc_sekula@bmc.com	1
marci.mansfield@enron.com	12
margaret.daffin@enron.com	20
margie.crozier@neg.pge.com	1
margie.nguyen@enron.com	8
mari.capestany@enron.com	11
maria.cisneros@enron.com	1
maria.culton@elpaso.com	1
maria.pavlou@enron.com	35
maria.rutella@cwt.com	1
maria.valdes@enron.com	8
maria_melone@ml.com	3
mariamarcelle@hotmail.com	3
marie.heard@enron.com	85
mariella.mahan@enron.com	11
marilene.listrom@omgroup.com	7
mark.a.walker@enron.com	1
mark.bruce_hc@house.state.tx.us	5
mark.dickin@enron.com	7
mark.dilworth@enron.com	2
mark.ellenberg@enron.com	6
mark.evans@enron.com	17
mark.ferguson@enron.com	9
mark.macatee@ps.net	1
mark.mcconnell@enron.com	6
mark.mccoy@enron.com	21
mark.metts@enron.com	14
mark.powell@enron.com	5
mark.ruane@enron.com	3
mark.s.palmer@enron.com	2
mark.schroeder@enron.com	1
mark.suchman@bakerpetrolite.com	5
mark.watts@wessexwater.co.uk	6
mark@drapple.com	1
mark_mcconnell@enron.net	71
marketing@nymex.com	5
marketingnews@datek2.m0.net	2
marketplace@lists.crosswalk.com	8
markg@cook-inlet.com	2
marla_barnard@enron.net	13
marlo.c.james@enron.com	11
marss@perkins.com	3
martha.janousek@enron.com	3
martin.kovacs@travelpark.com	1
martin.lin@enron.com	3
martina.angelova@enron.com	2
mary.darveaux@enron.com	7
mary.flood@chron.com	1
mary.griff.gray@enron.com	2
mary.grisaffi@enron.com	8
mary.j.heinitz@enron.com	7
mary.lynne.ruffer@enron.com	8
mary.nell.browning@enron.com	3
mary.trosper@enron.com	1
mary.weatherstone@enron.com	4
maryhelen.martinez@enron.com	1
maryjo.johnson@enron.com	1
maryrembert@akllp.com	2
marys@tvapdx.com	27
mason.hamlin@enron.com	1
mathew.gimble@enron.com	2
matt.maxwell@enron.com	2
matt.motsinger@enron.com	48
matt.sample@enform.com	7
matt.smith@enron.com	9
matt@fastpacket.net	3
matt_mccarthy_2000@yahoo.com	1
mattc@elitebrokers.net	11
matthew.adams@enron.com	7
matthew.arnold@enron.com	3
matthew.b.fleming@enron.com	3
matthew.campbell@enron.com	1
matthew.commons@enron.com	2
matthew.frank@enron.com	1
matthew.lenhart@enron.com	37
matthew.scrimshaw@enron.com	6
mattlandy@yahoo.com	1
mattox@spahouston.org	1
mattvernon99@hotmail.com	3
maureen.hall-gatti@us.ngrid.com	1
maurice.winter@enron.com	5
mauricio.trejo@enron.com	10
mawilliams@omm.com	4
max.yzaguirre@enron.com	1
maximilian.sell@enron.com	1
mbadakad@yahoo.com	1
mbain@mail.bokf.com	4
mbennett@epsa.org	1
mbennett@wei.org	1
mbergonia@edfman.com	6
mbrousse@kinkaid.org	7
mbx_anncchiefexec@enron.com	47
mbx_anncets@enron.com	19
mbx_anncews@enron.com	17
mbx_anncjmcmahon@enron.com	48
mbx_anncubsw@enron.com	7
mbx_expertfinder@enron.com	2
mbx_humanresources@enron.com	91
mcampbell@hdinc.com	4
mcarroll@texas.net	7
mcbrydej@inchon.navy.mil	1
mcklaw@bellsouth.net	2
mcorley@basspet.com	1
mcrobbro@cba.com.au	2
mcroffie@exchange.enron.com	1
mcuilla@houston.rr.com	14
mdavis@allianceworldwide.com	2
mday@gmssr.com	171
mdennis@prebon.com	16
mdennison@sdlintl.com	7
mdidriksen@llgm.com	4
mdjoseph@adamsbroadwell.com	6
mdy@slater-consulting.com	9
meaness5@hotmail.com	1
mechelle.atwood@enron.com	25
mechelle.stevens@enron.com	1
medschul@cvtv.net	3
meena.jayant@enron.com	1
meg.brooks@bus.utexas.edu	15
meg.timberg@opg.com	2
megan.la@aspentech.com	7
megan.parker@enron.com	74
melba.a.bowen@enron.com	2
melinda.mccarty@enron.com	1
melinda.winn@enron.com	2
melinda@hiresynergy.com	1
melissa.ann.murphy@enron.com	8
melissa.becker@enron.com	14
melissa.graves@enron.com	1
memberservices@travelocity.com	61
membership@crossdaily.com	1
mercedes.estrada@enron.com	1
mercy.gil@enron.com	8
meredith.homco@enron.com	1
meredithtx@hotmail.com	1
merlinm@uswest.net	4
messenger@ecm.bloomberg.com	16
mfranz@sppc.com	1
mfrieling@k-state.com 	1
mgam@list.asme.org	1
mgermany@ch2m.com	15
mgordonjones@earthlink.net	2
mgrigsby@dxpe.com	2
mgullette@petroquest.com	6
mhawkins@vyvos.com	1
mheathcote@howellcorp.com	4
mhill@knowledgebeam.com	2
mho@bayou.uh.edu	3
mhorowitz@hess.com	2
mhundt@br-inc.ca	4
mhussain@ft2003.rsm.nl	3
michael.alexander@sce.com	6
michael.cilento@enron.com	1
michael.cowan@enron.com	4
michael.cyrus@cinergy.com	1
michael.grimes@enron.com	9
michael.guadarrama@enron.com	9
michael.hicks@enron.com	1
michael.j.legler@enron.com	11
michael.mann@enron.com	1
michael.mauboussin@csfb.com	10
michael.nguyen@enron.com	6
michael.ratner@enron.com	16
michael.rushmore@loanx.com	2
michael.tribolet@enron.com	55
michael@gladwin.net	4
michael@pnge.psu.edu	7
michael_huse@transcanada.com	2
michaelb@acespower.com	4
michel.nelson@enron.com	7
michele_farrell@pgn.com	3
michele_huneke@yahoo.com	2
michelle.cash@enron.com	27
michelle.hargrave@enron.com	1
michelle.hicks@enron.com	1
michelle.lokay@enron.com	113
michelle.overton@elpaso.com	2
michelle.robichaux@enron.com	1
michelle.sautter@ibx.com	2
michelle.veloso@ferc.fed.us	12
midnitemail@lists.em5000.com	2
mike.a.roberts@enron.com	72
mike.adamec@unocal.com	3
mike.croucher@enron.com	7
mike.curry@ubswenergy.com	2
mike.grigsby@enron.com	241
mike.haney@enron.com	10
mike.kotar@psiusa.com	6
mike.macphee@enron.com	1
mike.maggi@enron.com	9
mike.mccracken@enron.com	3
mike.mcgowan@enron.com	10
mike.nolan@admis.com	49
mike.pryor@travelpark.com	4
mike.swerzbin@enron.com	2
mike.triem@compaq.com	25
mike.van.horn@enron.com	2
mike@genscape.com	1
mikelarkin@sheehy.com	2
mikemullen@mail.house.gov	4
miki.bode@williams.com	38
milagros.daetz@enron.com	1
milagros.velasquez@enron.com	2
millertr@bp.com	2
min.zheng@enron.com	10
mina.miyakawa@enron.com	1
miranda.southard@enron.com	10
mireya.olsen@enron.com	1
miro.pasic@morganstanley.com	1
misha.siegel@enron.com	4
misty.barrett@enron.com	1
mitch.robinson@enron.com	8
mitchell@zoomlaw.com	6
mitesh.master@enron.com	2
mizzjodi@juno.com	4
mjb94123@yahoo.com	5
mjmattox@yahoo.com	2
mjmiller23@hotmail.com	4
mjones7@txu.com	1762
mjones@gc.edu	3
mkammer@tradespark.com	2
mkane@jobmenu.com	3
mkelley@bristolhotels.com	1
mklemont@bear.com	3
mkllg@mail.utexas.edu	1
mlaurann@hotmail.com	1
mle@fulbright.com	4
mlenhart@alltel.net	6
mlk@pkns.com	12
mmalloy@naruc.org	1
mmaruszewski@pomonacapital.com	2
mmassimi@auduboninstitute.org	4
mmatricciano@espeed.com	3
mmccall@sempratrading.com	6
mmiddleton@mailbox.sw.org	1
mmiller3@austin.rr.com	16
mmlorenz@cmsenergy.com	1
mmmarcantel@equiva.com	31
mmmmisha@ix.netcom.com	1
moconnell@eyeforenergy.com	1
molly.harris@enron.com	11
molly.sample@enron.com	3
money_magazine@customersvc.com	1
moneyadm2@timeinc.net	13
monica.lande@enron.com	4
monica.mulryan@nerc.net	13
monica.rodriguez@enron.com	1
monika.causholli@enron.com	11
monique.phillips@enron.com	1
moodyredick@yahoo.com	4
morganize@yahoo.com	1
mossdl@earthlink.net	1
mperkins@ix.netcom.com	2
mphares@primeenergy.com	1
mrd@vnf.com	10
mreed@beckson.com	1
mrichter@us.ibm.com	6
mschaff@worldnet.att.net	1
mschmid@argentinc.com	3
mshabits@neb-one.gc.ca	2
msheehan@adventis.com	14
mshelly@acpbs.com	5
msimpkins@winstead.com	4
msodolak@llgm.com	13
mspradling@velaw.com	2
msternberg@aeglobalmarkets.com	17
mstultz@epsa.org	18
mswider@sel.com	4
mtnester99@aol.com	14
muncie5863@yahoo.com	1
murphymicha@coned.com	4
murray.p.o'neil@enron.com	16
murray@tibco.com	3
muthukumar.krishnan@owen2002.vanderbilt.edu	8
mvalles@houston.rr.com	1
mvargas@akingump.com	6
mvaughn@tampabay.rr.com	1
mvittal@wharton.upenn.edu	1
mwalker@adcetera.com	2
mwalker@avisonyoung-van.com	1
mwardell@roseville.ca.us	6
mweisblatt@houstontech.org	6
mwingate@resource-solutions.org	2
mwomack@tristargas.com	6
mya.johnsen@enron.com	1
myates@paradigmgeo.com	5
mydesi@hotmail.com	2
myee@exchange.enron.com	1
myorder@landsend.com	5
myshell_32@yahoo.com	1
mysticdwagoness@hotmail.com	4
mzureski@deloitte.ca	3
nagill@hotmail.com	3
nanabernie@webtv.net	2
nancy.bagot@enron.com	18
nancy.hetrick@enron.com	16
nancy.muchmore@enron.com	2
naomi.bourg@enron.com	5
naquinscott@yahoo.com	1
natalie.baker@enron.com	1
nationalbrands@processrequest.com	16
natural_resources@sriconference.com	1
naveed.ahmed@enron.com	1
naveen.andrews@enron.com	10
nba2000@sportingbetusa.com	3
nburge1@aol.com	1
ned.higgins@enron.com	8
neil.bresnan@enron.com	25
neil.kearns@csfb.com	4
nella.cappelletto@enron.com	4
nelson.ferries@enron.com	4
netsaaversv@info.aa.com	13
newexpectations@lists.em5000.com	6
newgallery@sprynet.com	10
news@forestweb.com	1
news@lakewincrest.com	1
news@prosrm.com	8
news@real-net.net	48
news@second.org	5
newsletter20011017@mail.cooking.com	1
newsletter@chron-news.com	3
ngarner@ipams.org	2
nguym@bracepatt.com	3
nicholas.warner@enron.com	6
nichole.gunter@enron.com	2
nicholechristoph@yahoo.com	2
nick.politis@enron.com	5
nick@edgarfilings.com	2
nicola.cadd@csfb.com	1
nicole.brown-steed@enron.com	4
nicole.palczer@enron.com	1
nicole.russell@mirant.com	2
nicole.white@enron.com	1
nidia.mendoza@enron.com	13
nikki.slade@enron.com	2
nikolay.kraltchev@enron.com	1
njamal@deloitte.ca	1
njenks@eei.org	6
njeppson@allenco.com	10
nlorentzatos@br-inc.com	2
nmiyagi@reedwasden.com	11
no-reply@mail.southwest.com	34
nokia@nokia.bp00.com	1
nolda.halderman@enron.com	1
nony.flores@enron.com	16
noreply@ccomad3.uu.commissioner.com	310
noreply@netstock.com	2
norma.mottu@enron.com	1
norman_a._pedersen@jonesday.com	12
normthompson@nortom.4at1.com	3
notification@landsend.com	3
notifier@microsoft.com	1
novspecials@ino.com	3
npickover@bracepatt.com	50
nsmathers@energymarketsolutions.com	1
ntillett@reliant.com	4
o'neal.d.winfree@enron.com	66
oakiedomenech@hotmail.com	2
oasissupport@entergy.com	4
ob@globaladvisors.co.uk	2
obryan_leon_l@solarturbines.com	3
octspecials@ino.com	1
olajane@forestweb.com	2
oli@lclark.edu	6
olivermsmith@hotmail.com	1
onepass_012301@airmail.continental.com	3
onepass_121800@airmail.continental.com	3
online1@wellsfargo.m0.net	1
onoisycats@aol.com	1
orcasouth@yahoo.com	4
order@merryedwards.com	2
orders@imagestation.com	21
orders@psiware.com	1
orlando.alvarado@williams.com	4
osualum@orst.edu	12
outlookmigrationteam@enron.com	4
owner-issupport@zbold.zing.com	1
owo@cwsmail.com	3
pablo.acevedo@arnet.com.ar	1
pamela.daily@enron.com	14
pamela.sonnier@enron.com	1
panton@algorithmics.com	1
parks_kim@da.co.harris.tx.us	41
parrae@epenergy.com	8
pat.mcguinness@blakes.com	4
pat.radford@enron.com	11
pat.vaughan@enron.com	1
patbelle@mail.ev1.net	5
patricia.cini@enron.com	2
patricia.payton@enron.com	1
patricia.rivera@enron.com	10
patricia.weatherspoon@enron.com	1
patricia.wells@eia.doe.gov	5
patrick.brennan@enron.com	3
patrick.cagney@enron.com	3
patrick.ford@weatherford.com	1
patrick.hickey@enron.com	2
patrick.lewis@oatiinc.com	1
patrick.ryder@enron.com	9
patrigey@daishowa.ca	2
paul.cherry@enron.com	28
paul.d'arcy@enron.com	1
paul.e.parrish@enron.com	1
paul.kane@enron.com	13
paul.miller@enron.com	8
paul.pizzolato@enron.com	1
paul.radous@enron.com	7
paul.tate@cinergy.com	1
paul_racicot@enron.net	9
paula.j.parrish@enron.com	3
paula.lee@enron.com	2
paula.younger@swpc.siemens.com	2
paulo.issler@enron.com	11
pbrandt@lrci.com	3
pchadwick@avici.com	3
pclevenger@smurfit.com	3
pdittmann@cline-law.com	11
peggy_fowler@pgn.com	4
pels@sequentenergy.com	3
pemlaw@texas.net	4
penny.mccarran@enron.com	5
penny.siew@enron.com	1
penriqu@bgnet.bgsu.edu	8
pete.davis@enron.com	7427
peter.bennett@enron.com	2
peter.crilly@enron.com	2
peter.keohane@enron.com	39
peter@dingwall.junglelink.co.uk	3
petr.pikal@precheza.cz	1
pfarinas@tvsa.com	1
pfarmer@mpisd.net	13
pflack@nlf-law.com	1
pfournie@royallepage2.com	18
pgerbert@mckenna-group.com	8
pglaessner@enermetrix.com	3
pgrossman@ffgklaw.com	4
phantomt38@email.msn.com	3
phil.hooper@msl.redstone.army.mil	8
phil.lowry@enron.com	5
philgrossweiler@alum.mit.edu	1
philip.h.carver@state.or.us	4
philip.mayor@enron.com	4
phillip.k.allen@enron.com	23
phillip.m.love@enron.com	134
phillip@ingular.com	1
pjarrea@entergy.com	2
pjburger@bpa.gov	3
pkdaigle@neosoft.com	25
pksinghji@hotmail.com	8
pla@marval.com.ar	16
placement@ahlr.com	2
platter.oregon@verizon.net	6
platts1@ftenergy.com	1
pma@powermarketers.com	12
pmadpr@worldnet.att.net	308
pmarston@marstonlaw.com	3
pmetteau@sequentenergy.com	2
pmoritzburke@cera.com	2
po_jack@email.msn.com	3
poli.shachov@compaq.com	2
pooky@pipeline.com	1
popekent@sbcglobal.net	1
popekent@sbcglobal.net 	1
positiveliving-html@emazing.com	9
possibilities@istaffinggroup.com	4
postmaster@aspentech.com	5
postmaster@ci.glendale.ca.us	1
postmaster@elpaso.com	1
postmaster@epcor.ca	1
postmaster@lawseminars.com	3
postmaster@mcimail.com	3
ppmsvcen@microsoft.com	1
preferred@travelocity.m0.net	3
press_release@fxall.com	1
pressoffice@mcgreevey2001.org	3
preston.roobaert@enron.com	3
preston@apbenergy.com	3
products@eei.org	1
prosica@lehman.com	2
pru-gff-cbot@att.net	2
psaverance@coral-energy.com	6
ptierney@nyc.mitsui.com	6
ptorres@reliant.com	4
pushkar.shahi@enron.com	1
pvlachopoulos@aeglobalmarkets.com	1
pyoung@eei.org	4
pys@morrownet.net	3
q&a@echostar.com	2
queenie9590@aol.com	1
questions@mail.jhuwash.jhu.edu	3
r-0-139247-203513-2-2902-uk1-151458d1@xmr3.com	4
r-0-738070-4601862-2-1010-us1-a92d54d1@xmr3.com	1
r-1-56650-306584-2-23-us1-00e933a3@xmr3.com	3
r-2-145495-3280791-2-3434-uk1-77117bb3@xmr3.com	1
r-3-726380-4286951-2-3233-us2-bce84fd0@xmr3.com	1
r-4-65021-302894-2-286-us2-2745a155@xmr3.com	3
r-4-724539-3371579-2-223-us2-907bed58@xmr3.com	1
r-5-726380-4460532-2-9818-us2-b28c1586@xmr3.com	1
r-7-56294-4131038-2-5820-us2-5c112aeb@xmr3.com	1
r-8-65021-455737-2-286-us2-d3e2c3c5@xmr3.com	3
r-9-726380-4168847-2-2146-us2-1cdc448f@xmr3.com	1
r-9-726380-4460532-2-11062-us2-40b37cbf@xmr3.com	1
r_bergsieker@hotmail.com	1
ra8167@email.sps.mot.com	1
rafael.corrigeux@bakerhughes.com	4
rafi.khan@enron.com	2
ragan.bond@bridgeline.net	12
ragan.bond@enron.com	7
raimund.grube@enron.com	2
rainsworth@shb.com	1
raislerk@sullcrom.com	7
ralee@rmi.net	10
ralph.masiello@caminus.com	2
ramind@flash.net	1
ramlatoto@yahoo.com	1
randa.karkour@compaq.com	17
randall.curry@bridgeline.net	36
randall.oneal@williams.com	1
randall.osteen@constellation.com	1
randy.bhatia@enron.com	45
randy.bhatia@ubswenergy.com	3
randy.bryan@enron.com	5
randy.katz@enron.com	1
randy.lebeau@enron.com	3
raquel.buentello@enron.com	3
raquel.rmg.guerrero@enron.com	1
ratewatch@eloan.com	8
raul.rizo-patron@enron.com	1
ravant4@excite.com	2
ravsav@msn.com	1
rbanks@mariner-energy.com	1
rbillbrough@yahoo.com	3
rbjohnson@cmsenergy.com	2
rbowers@nyiso.com	1
rbowlin@onebox.com	1
rbrugger@mtpower.com	1
rcstokes@ckt.net	1
rd_cates@yahoo.com	3
rdickin55@yahoo.com	6
rdonoghue@mphlegal.com	6
readers_advantage@email.bn.com	1
readingbuddy@yahoo.com	4
reagan_mathews@enron.net	1
rebecca.bell@enron.com	3
rebecca.phillips@enron.com	4
rebecca.skupin@enron.com	1
rebecca.torres@enron.com	5
rebekah.rushing@enron.com	1
refertofriend@reply.yahoo.com	5
registrations@newpower.com	6
reid.gray@csfb.com	1
reidstav@houston.rr.com	1
reminder@myfamilyinc.com	1
rene.enriquez@enron.com	1
renee.ratcliff@enron.com	5
reporting@cpuc.ca.gov	42
reports@reedwasden.com	17
reports@reedwasden.local	1
restore2k_6151@ayna.com	1
resume@tenaska.com	1
rex.shelby@enron.com	14
rfranksen@usg.com	6
rfroberts@bpa.gov	2
rglover@halff.com	41
rgray@eurofinance.co.uk	1
rhaygood@darbylaw.com	4
rhaysle@enron.com	3
rhonda.smith@enron.com	2
rhoni.glynn@enron.com	1
rhowes@manistee.org	3
rhrabal@usa.net	3
rhutchison@velaw.com	3
richard.a.stuckey@ssmb.com	7
richard.b.sanders@enron.com	21
richard.broussard@enron.com	1
richard.friedman@enron.com	5
richard.morgan@austinenergy.com	1
richard.ring@enron.com	1
richard.tomaski@enron.com	24
richard_dimichele@enron.net	7
rick.antonoff@cwt.com	6
rick.buy@enron.com	12
rick.craig@enron.com	1
rick.loveless@enron.com	3
rick.wadle@southernenergy.com	10
rick.wurlitzer@enron.com	4
ricki.winters@enron.com	66
rickshapiro@hotmail.com	2
ricky.collier@enron.com	2
risk.analytics@enron.com	1
rita.bianchi@enron.com	12
rita.houser@enron.com	1
rita.wynne@enron.com	19
rita_hill-wales@amrcorp.com	2
rivest@gmpvt.com	7
rjbaker@ttu.edu	15
rjernagan@msn.com	1
rjl9@pge.com	54
rjones562@earthlink.net	8
rjschroll@midcogen.com	3
rking@hess.com	3
rkretsch@icc.state.il.us	1
rlu53@hal-pc.org	3
rmazer@velaw.com	4
rmbl20@hotmail.com	3
rmead@gavinanderson.com	1
rnbeard@hotmail.com	3
rneely@valuescience.com	1
rnuschler@akingump.com	3
rob.cole@enron.com	1
rob.grindstaff@il.proquest.com	6
rob.milnthorp@enron.com	61
rob.rice@enron.com	2
rob.walls@enron.com	56
rob.wheeler@enron.com	11
robbin.stewart@enron.com	3
robbinsr@westelcom.com	1
robert.a.seekely@us.arthurandersen.com	4
robert.allwein@enron.com	1
robert.allwein@ubswenergy.com	3
robert.bogucki@enron.com	1
robert.cotten@enron.com	54
robert.frank@enron.com	26
robert.hill@enron.com	12
robert.kilmer@enron.com	25
robert.laughman@kornferry.com	1
robert.p.virgo@enron.com	1
robert.ramirez@enron.com	5
robert.tilotta@enron.com	2
robertjr@spsr-law.com	2
robi@encoreenergy.com	1
robin.border@enron.com	1
robin.panzer@enron.com	3
rochmar@hdcdojnet.state.ca.us	2
rod.hayslett@enron.com	240
rod.nelson@enron.com	5
rodin@tozzini.com.br	1
roger.gahunia@enron.com	1
roger.reynolds@enron.com	1
rogueslayer@hotmail.com	4
ron.coker@enron.com	2
ron.girard@enron.com	1
ron.nightingale@enron.com	3
ron.spain@enron.com	1
ronald_brown@kindermorgan.com	4
ronggen.pan@enron.com	3
ronniem@morgangroup.com	8
rosanna.migliaccio@robertwalters.com	9
rosina_christensen@kindermorgan.com	1
rossberthelot@home.com	1
rosthominc@yahoo.com	2
roths@orbitworld.net	13
rowjay@home.com	1
roxy77_7@yahoo.com	2
roy.boston@enron.com	4
royalinteriors@twave.net	5
royce.faucett@enron.com	1
rpearson@oilstates.com	3
rryan@isda.org	4
rsabraham@tecoenergy.com	3
rsbw@aol.com	1
rsinger@uh.edu	9
rstephenson@ercot.com	1
rtackett@abacustech.net	53
rtc@cia-g.com	8
rtrice@carlsoncapital.com	4
rtroup@wheelerbc.org	1
rudy.elizondo@delinea.com	1
ruizkristina@hotmail.com	1
rumaldo.lopez@enron.com	2
rumor@gte.net	3
russ.severson@enron.com	49
ruth.concannon@enron.com	81
ruth.mann@enron.com	2
ruth.schonfeld@macleoddixon.com	2
rwelsh@velaw.com	2
rwhite@ingaa.org	4
rxwc@pge.com	3
ryan.o'rourke@enron.com	298
ryan.seleznov@enron.com	7
ryan.sheeren@enron.com	2
s.muschany@trileaf.com	1
s.schnitzer@worldnet.att.net	17
sa_haseloff@hotmail.com	1
sabine.schnittger@frontier-economics.com	5
sachin.gandhi@enron.com	12
saldijg@texaco.com	3
sale775@mindspring.com	3
sales.ue.s9303.m18456351@ixs1.net	1
sales@cesinc.com	1
sales@dpi.net	3
sales@ncfurnituredirect.com	5
sally.wood@elpaso.com	1
samantha.boyd@enron.com	11
samantha.law@enron.com	79
samantha.t.davidson@enron.com	1
samantha_smith@transcanada.com	4
sande@pira.com	22
sandra.f.brawner@enron.com	25
sandra.vassel@enron.com	1
sandy.haldeman@enron.com	5
saraazose@hotmail.com	1
sarah-joy.hunter@enron.com	1
sarah.a.davis@enron.com	2
sarah.bruck@enron.com	3
sarah.butt@enron.com	1
sarah.novosel@enron.com	82
sarah.palmer@enron.com	49
sarah.zarkowsky@enron.com	21
sarahharlan@qwest.net	1
sarahm@flex.net	6
sarahreneehughes@hotmail.com	3
sasha.jacob@gpcinternational.com	6
sasha6348@yahoo.com	1
savita.puthigai@enron.com	164
sberry@susmangodfrey.com	2
sbishop@gibbs-bruns.com	2
sbofni@yahoo.com	2
sburke@cera.com	4
scano@velaw.com	3
scarey@isda.org	85
scc@rice.edu	2
scholarshipdeadlines@fastwebmail.com	1
schuler@rice.edu	1
schwerdtfegerm@kindermorgan.com	9
scofer@llgm.com	3
scollings@gibbs-bruns.com	2
scott.abshire@enron.com	2
scott.crowell@enron.com	5
scott.earnest@enron.com	2
scott.gladish@aesmail.com	1
scott.goodell@ubswenergy.com	4
scott.hibbard@enron.com	1
scott.josey@enron.com	6
scott.loving@enron.com	1
scott.m.shields@enron.com	8
scott.miller@ferc.fed.us	3
scott.neal@enron.com	54
scott.turner@blakes.com	2
scott_bolton@enron.net	2
scott_gardner@pgn.com	20
scottf@bammel.org	2
scotth1965@hotmail.com	1
scottk@cqg.com	3
scottymorales@home.com	1
scottyp73@yahoo.com	1
scouting_report@offer.technoscout.com	6
scranda@msn.com	1
scscommodities@earthlink.net	102
sctc@77002.com	5
sdarrah@entergy.com	2
sdunn@dlj.com	4
sdwesthoven@njresources.com	3
seabron.adamson@frontier-economics.com	49
seabron.adamson@frontiereconomics.com	21
sean.bolks@enron.com	2
sean.crandall@enron.com	2
sean.o'brien@am.sony.com	4
sean.percy@enron.com	1
sean.riordan@enron.com	12
searchresults@foryou.match.com	1
seareel@neosoft.com	1
secure-login-request@yahoo-inc.com	1
seidmanconsult@aol.com	1
sejalhpatel@hotmail.com	1
selma.reyna@enron.com	14
senglander@tca-us.com	4
serenabishop@hotmail.com	1
service@etradebank.0mm.com	1
service@playerstime.com	1
service@sbsubscriber.com	7
sevenbridgescollectibles@yahoo.com	1
sewilliams@mcguirewoods.com	8
sf40#c#sf40.nco#c#al2@jmbm.com	24
sgentry@oneok.com	2
sgiridha@prismintl.com	7
sgm@steelhector.com	10
sgussett@bracepatt.com	14
shackles@staff.abanet.org	2
shak@ev1.net	4
shalperin@houston.rr.com	4
shandolyn.adams@enron.com	1
shane.dobbs@fctg.com	12
shanna.boudreaux@enron.com	18
shannaboudreaux@hotmail.com	3
shannonleighwilliams@hotmail.com	2
sharebuilder_030168@netstock.customer-email.com	1
sharon.brown@enron.com	11
sharon.farrell@enron.com	2
sharon.gonzales@enron.com	6
sharon.otoole@elpaso.com	6
sharperimageoffers@sharperimage.m0.net	2
sharyn.walsh-mckay@pseg.com	2
shawn.cumberland@elpaso.com	2
shawn.donlin@painewebber.com	3
shawn.k.feeney@ssmb.com	1
shawna.flynn@enron.com	2
shea@tuts.com	4
sheetal.patel@enron.com	7
sheila_kelly@cdnoxy.com	12
sheino@ercot-iso.com	8
shelley.corman@enron.com	57
shemeika.s.landry@enron.com	3
sheminproctor@akllp.com	2
shenry@daytonpower.com	2
shern@cngc.com	3
sherri.sera@enron.com	2
sherry1@odsy.net	8
sherry@radack.com	3
shiaochen@hotmail.com	1
shilpa.chunchu@enron.com	2
shirley.a.hudler@enron.com	5
shirley.oliver@enron.com	1
shirley.tijerina@enron.com	13
shodgson@velaw.com	1
sholmes@nicor.com	5
shonnie.daniel@enron.com	4
shouan.tang@enron.com	2
shpng1@excite.com	1
shruti.gandhi-gupta@enron.com	2
sidevue@bellsouth.net	3
simon.hemsley@enron.com	12
sivakumar.govindasamy@enron.com	6
sivy@listserv.pathfinder.com	78
sjosey@mariner-energy.com	3
ska@nwnatural.com	1
skelley@bracepatt.com	2
skennedy@houston.rr.com	2
skhanova@wellesley.edu	6
sking@tindallfoster.com	11
skirkpatrick@reliant.com	11
skroetz@norse.com	1
skushnick@evomarkets.com	3
skydivespaceland@email.msn.com	3
skytel-blackberryhelp@wcom.com	1
sladana.kulic@enron.com	30
slgoza@tva.gov	8
sliebert@dcpud.org	2
slima@initiativesforchildren.org	2
slins@ci.glendale.ca.us	5
slord@petro-canada.ca	2
sloulos@utilicorp.com	2
slspencer@duke-energy.com	7
slvan4@aol.com	1
small@wrightlaw.com	2
smartin@ridoutmaybee.com	1
smcfadden@igservice.com	4
smerz@mreconsulting.com	3
smeyer@bear.com	1
smile.635837.1461.0@smile.ofoto.com	2
smiller5@cinergy.com	3
smith.l.day@enron.com	27
smitter@smitter.com	5
smtp:michelle.cash@enron.com	8
sneal12@mindspring.com	9
software-news@amazon.com	3
solutions@factiva.com	1
sonderfan@hotmail.com	3
sonia.hennessy@enron.com	3
sonnet.edmonds@southernenergy.com	4
sonnia.reyes@enron.com	1
soopang.tang@mba02.bus.utexas.edu	5
specialdeals@lists.em5000.com	9
specials@fitrx.com	8
specs@wineisit.com	4
spider1735@hotmail.com	1
spiro.spirakis@enron.com	1
spisano@sprintmail.com	1
spiwetz@hotmail.com	3
sports@casinosports.com	3
sprenger@alumni.utexas.net	18
sproctor@akllp.com	74
sprouty5000@yahoo.com	1
srlarson@bpa.gov	2
srobbins@bioassay.com	2
sschleimer@calpine.com	1
ssher5dun@aol.com	2
ssinclair@simsfurniture.com	2
sslater@epsa.org	81
ssmgranmayeh@msn.com	16
ssnyder@shelton.org	16
ssorrels_vitoltvl@yahoo.com	3
ssparks@ago.state.in.us	1
ssteiman@mpr.com	3
stacy.e.dickson@enron.com	31
staff@energyjobsnetwork.com	4
staft@cov.com	5
stanley.horton@enron.com	34
stanton.scott@cinergy.com	1
starting@ameritrade.com	3
starwoodmbrs@spg.0mm.com	1
starwoodstatements@spg.0mm.com	1
staylor@sde.com	6
staytonweldon@dewittec.net	8
stefstanko@aol.com	1
stephane.brodeur@enron.com	11
stephanie.harris@enron.com	55
stephanie.miller@enron.com	100
stephanie.s.williams@us.pwcglobal.com	2
stephanie.strong@enron.com	22
stephen.bennett@enron.com	10
stephen.harper@enron.com	1
stephen.harrington@enron.com	4
stephen.herber@enron.com	1
stephen.johnson2@usdoj.gov	6
stephen.piasio@ssmb.com	7
stephen.plauche@enron.com	2
stephen.stock@enron.com	15
stephen.thome@enron.com	8
stephenbyrne@aegislimited.com	1
steve.brown@mirant.com	1
steve.c.lengkeekjr@conectiv.com	5
steve.cummings@funb.com	4
steve.gilbert@enron.com	23
steve.kean@enron.com	25
steve.kleb@enron.com	21
steve.lafontaine@bankofamerica.com	16
steve.olinde@enron.com	8
steve.pruett@enron.com	2
steve.young@enron.com	2
steve.z.miao@enron.com	2
steve_zo@hotmail.com	1
steveb@waymark.net	4
steven.bunkin@gs.com	9
steven.kean@enron.com	1
steven.luong@bus.utexas.edu	4
steven.p.south@ubswenergy.com	7
steven.sheldon@enron.com	2
steven.smith@meritenergy.com	1
steven.vu@enron.com	1
stewart.rosman@enron.com	14
stewart_seeligson@enron.net	8
sthompson47@hotmail.com	6
sthompson@prosrm.com	2
stichavsky@pct-inc.com	5
stickybeaver@yahoo.com	1
stouchstone@natsource.com	55
strat_alert@hotmail.com	3
strawberry29@earthlink.net	1
stridernoone@yahoo.com	1
stuart.alcroft@enron.com	1
stuart.rexrode@enron.com	2
stuart.siegfried@puc.state.oh.us	2
stuart@friedwire.com	9
suhernan@llgm.com	52
sukhvinder.virk@enron.com	1
sulrich@palomaec.com	1
sumitb23@hotmail.com	2
sumwil32@earthlink.net	2
suneet.sharma@enron.com	1
sunjay.arya@enron.com	7
sunsuperbowlxxxv@hornet.eeginc.com	2
support-l90@adm.chtah.com	1
support@cleonline.com	10
surfn.go@americawest.com	3
susan.d.trevino@enron.com	103
susan.edison@enron.com	1
susan.hadix@elpaso.com	15
susan.helton@enron.com	1
susan.jones@neg.pge.com	4
susan.l.kennedy@enron.com	1
susan.musch@enron.com	7
susan.rance@enron.com	16
susan_ralph@eott.com	1
susanc@katzlaw.com	4
susie_lejune@kindermorgan.com	5
susiemccormick@ev1.net	4
suzanne.farrow@enron.com	1
suzanne.francis@enron.com	2
suzanne.vann@enron.com	9
suzykof@hotmail.com	2
svalenti@tac.textron.com	7
svanhoff@yahoo.com	2
sweetdeals@streetmail.com	6
swehner@dow.com	1
swhitley@tiaa-cref.org	4
swinston@oneok.com	4
syed.ishaq@enron.com	1
sylvia.hu@enron.com	60
sylvia.s.pollan@enron.com	12
t-willy@t-willy.com	1
t.cooper@meritenergy.com	3
tabi2323@cs.com	3
tabors@tca-us.com	2
tagesell@midamerican.com	2
talbots@clickaction.net	16
tamara.carter@enron.com	3
tamara.l.utsch@ca.pwcglobal.com	2
tammie.schoppe@enron.com	148
tammy.barta@enron.com	4
tammy.botsford@morganstanley.com	1
tammy.gilmore@enron.com	1
tammy.kovalcik@enron.com	1
tammy_childers2002@yahoo.com	1
tania.meyer.wilson@rssmb.com	2
tanya.rohauer@enron.com	77
tanya.v@lycos.com	1
tara.rosenbohm@enron.com	1
targetemaildirect@temd.net	1
tau@taukappaepsilon.org	12
tax.solutions.team@enron.com	4
taylor@beanorange.com	1
taylr@andrews-kurth.com	8
tb@msb.edu	11
tbelden@nwlink.com	1
tbertges@mrportland.com	2
tblando@amerexenergy.com	70
tbroderi@czn.com	3
tbrother@utilicorp.com	5
tbuffington@hollandhart.com	4
tcanino@cenhud.com	1
tcd74@yahoo.com	3
tchandler@velaw.com	8
tcrump@ingaa.org	2
tcwc@internetni.com	3
tcy@travelocity.com	2
tdeboer@painehamblen.com	18
tdoggett@ercot.com	3
tdowe@houston.org	3
team.hobbs@enron.com	1
techserve@satyam.net.in	2
techsupport@amunet.edu	10
techsupport@money.net	1
tedhall@longmeadowranch.com	1
teluebke@leoadaly.com	3
terence.h.thorn@enron.com	1
teresa.bosien@enron.com	11
teresa.g.bushman@enron.com	2
teresa.knight@nesanet.org	51
teresa.seibel@enron.com	1
teresa@cii.org	4
terrie.james@enron.com	20
terril@ahlr.com	1
terry.kowalke@enron.com	40
terry.w.donovan@enron.com	3
terrym@millcreeklaw.com	11
teruo.tanaka@ibjbank.co.jp	24
tess.ray@enron.com	17
tessa_71291@yahoo.com	3
tevye39@hotmail.com	1
texasexeschapters@alumni.utexas.edu	2
texasgirl32@msn.com	4
texginn@yahoo.com	1
tgeissler@avaya.com	1
tgh4@pge.com	6
tgoodnight@amfm.com	2
tgorski@wpi.edu	2
tgoudie@hesco.org	1
tgraziano@foleylaw.com	7
tgros@houston.rr.com	2
tgross@amerexenergy.com	40
thailu@testmail.ercot.com	5
thancock@ercot.com	1
thane.twiggs@enron.com	17
thedolan@yahoo.com	12
thenninger@mail.law.utexas.edu	10
theparks@ev1.net	2
theresa.hess@enron.com	37
theresa.villeggiante@enron.com	12
theresa.zucha@enron.com	12
thesymingtons@email.msn.com	17
thien@crystal.cirrus.com	1
thinkguzman@yahoo.com	12
thomas.hebert@enron.com	1
thomas.lowell@enron.com	2
thomas.meers@enron.com	5
thomas.underwood@enron.com	9
thomasandkaren@home.com	9
thompson_david@jpmorgan.com	2
thu.pham.arnold@enron.com	1
tickets-email@onsale.ticketmaster.com	7
tieoutadministrator@pwrteam.com	3
tiffany.miller@enron.com	10
tim.brown@psiusa.com	4
tim.cooper@enron.com	13
tim.f.riordan@conoco.com	2
tim.murphy@elpaso.com	18
tim.proffitt@enron.com	3
tim.t.roberts@ope.shell.com	2
tim@l2systems.com	3
tim_wells@transcanada.com	1
timothy.bayles@enron.com	1
timothy.c.versacci@enron.com	1
timothy.callahan@enron.com	10
timothy.coffing@enron.com	1
timothy15447354@yahoo.com	1
tina.vincent@bcminc.com	1
tirwin@alleghenyenergy.com	12
titman@mail.utexas.edu	21
tixserv@rocketball.com	3
tjfarmer@houston.rr.com	1
tjones@spinexp.com	3
tk.lohman@enron.com	116
tkain@worldnet.att.net	3
tkubicki@kappasearch.com	2
tlenhart@corealty.com	15
tmobley@mpea.com	1
tmunk@houston.rr.com	1
tneville@dsitoys.com	1
tnsc@oms.net	3
tobin.carlson@enron.com	1
tobin1977@hotmail.com	4
todb@metretekfl.com	6
todd.bland@enron.com	15
todd.ingalls@enron.com	1
todd.johnson.b@bayer.com	21
todd.neugebauer@enron.com	1
todd.peikert@enron.com	5
todd.warwick@enron.com	9
todd_roehrig@hotmail.com	3
toledo@veirano.com.br	1
tom-jerilynn@worldnet.att.net	1
tom.barkley@enron.com	9
tom.doukas@enron.com	38
tom.halpin@enron.com	1
tom.may@enron.com	31
tom.mclaren@gpcinternational.com	2
tom.montag@gs.com	2
tom.motley@elpaso.com	2
tom@cox-internet.com	3
tom@hal-pc.org	3
tom@mantires.com	2
tom_pastore@indianmountain.org	2
tomd1966@yahoo.com	1
tomlee@ncpa.com	5
tommy@mossonline.com	6
tony.dugger@enron.com	4
tony.harris@enron.com	1
tony.o'brien@enron.com	2
tony.valenzuela@enron.com	1
tonyahoppe@ev1.net	1
tonyborelli@bandm.com	9
topt@chevron.com	1
tori.l.wells@enron.com	10
tosha.henderson@enron.com	1
totodigi2@yahoo.com	1
tpshaheen@msn.com	4
tpullig@firstunion1.com	1
tracey.florio-kozadinos@enron.com	28
traci.warner@enron.com	7
tracy.fairchild@edelman.com	1
tracy.scott@enron.com	4
tracy@texexenergy.com	8
trademup@yahoo.com	1
transcrd@mapp.org	3
travelsmith_outfitters@travelsmith.m0.net	3
travis.winfrey@enron.com	16
trebornotham@yahoo.com	4
tremac2@yahoo.com	1
trey.hardy@enron.com	10
trey.meerbott@enron.com	1
trichter@ercot.com	5
troy.black@enron.com	1
truong.vu@enron.com	2
trvlright@customermail.expedia.com	1
trycooper@hotmail.com	1
tschoppe@houston.rr.com	2
tscott@radstrat.com	1
tshield@entergy.com	4
tshuba@sheagardner.com	4
tsigns5@hotmail.com	1
tskilling@tribune.com	1
tstrawser@vitria.com	6
tsumbler@universalcompression.com	1
ttaylor@llgm.com	4
ttekcip@swbell.net	2
tvaughan@prebon.com	28
twanda.sweet@enron.com	37
twhiteman@austin.rr.com	7
twilliams@evi.net	2
twinmmt@aol.com	6
twinspin@astros.com	3
twomarshalls@hotmail.com	3
twotinos@dragonbbs.com	1
tx_case_alert+410717.153596706.1@reply.law.com	1
tx_case_alert+411274.153596706.1@reply.law.com	1
tylerseminuk@hotmail.com	1
uhines@gardere.com	1
underja@email.msn.com	3
universityofphoenix@smartreminders.com	2
update@listserv.dowjones.com	3
utiliconnews.au@terrapinn.com	26
valerie.dewille@timberline.com	3
valerie.giles@enron.com	2
valerie.ramsower@enron.com	7
valerie.vela@enron.com	19
valley.confer@enron.com	1
valuemail@intervolved.net	2
vance.l.taylor@enron.com	2
vance.meyer@enron.com	8
vance.ratliff@enron.com	1
vanessa.griffin@enron.com	1
vanree@worldwideworker.com	1
vblackwell@houston.rr.com	1
vbrawne@nicor.com	12
vcferraz@elektro.com.br	5
vcoleman@jwortham.com	3
vedder_24@yahoo.com	1
verav@gddcpa.com	1
veronica.espinoza@enron.com	29
vferraz@elektro.com.br	2
vickistorey@yahoo.com	25
vicsandra.trujillo@enron.com	1
victor.browner@enron.com	1
victoria.versen@enron.com	10
victoria_marselle@transcanada.com	2
vikas.dwivedi@enron.com	2
vince.crescenzi@gfinet.com	1
vinio_floris@enron.net	3
vireturn@uts.cc.utexas.edu	12
virginia.c.levenback@williams.com	6
virginia.hodge@ubspw.com	2
vishwanatha.venkataswami@enron.com	3
visi@processrequest.com	2
vivld@yahoo.com	7
vladi.pimenov@enron.com	11
vrjackson@kelsey-seybold.com	2
vseckler@cilco.com	4
vtapia@pulsar.com.mx	11
vvzz6792@flashmail.com	2
vwilson@skadden.com	12
vze28szx@verizon.net	6
walt.williams@enron.com	1
warren.nishimura@blakes.com	4
warrent@pennwell.com	1
wayne.morter@austinenergy.com	6
wblore@pacbell.net	1
wbrown@axisdental.com	1
wbwilliams@flex.net	7
wconwell@rr.com	2
wdgermanyjr@dow.com	4
wdriver@kslaw.com	3
webb.david@epenergy.com	33
webbd@epenergy.com	5
webmaster-e@transcanada.com	2
webmaster@cera.com	4
webmaster@fastweb.com	1
webmaster@progressive.com	1
weekly_html.um.a.1.3364@lists.smartmoney.com	1
weekly_html.um.a.1.3789@lists.smartmoney.com	1
weekly_html.um.a.1.3951@lists.smartmoney.com	1
weiss@ncn.com	3
welchj@foresightps.com	1
welcome@paypal.com	2
wendy.conwell@enron.com	23
wendy.edwardson@blakes.com	2
wendy.koh@enron.com	4
wendy_fincher@enron.net	3
wentapb@sprintmail.com	3
wgpw.businessdvp@wgp.twc.com	2
whaffner@tristategt.org	1
whalanjct@houston.rr.com	1
whitney@thelaw.net	20
who@velaw.com	2
whoy1932@netpluscom.com	2
wilbur.williams@coastalcorp.com	4
will.smith@enron.com	62
will.zapalac@bus.utexas.edu	3
william.chesna@db.com	2
william.ding@elpaso.com	1
william.e.brown@enron.com	1
william.frederking@enron.com	2
william.s.bradford@enron.com	129
william.valach@enron.com	2
william_f_henze@jonesday.com	4
williamhjordan@mindspring.com	1
williamsj@iconus.com	5
winston.jia@enron.com	1
winter_calvert@hotmail.com	6
wjsymes@home.com	6
wjwjr99@yahoo.com	1
wlohman@usasean.org	2
wmontg@juno.com	3
wndjmr@flash.net	3
woodyj@mail.rfweston.com	6
wsandberg3@home.com	1
wscfeedback@wallstreetcity.com	8
wshutt@argentinc.com	3
wweiland@velaw.com	14
wxbug@weatherbug.com	1
xchange_031339@xchange.customer-email.com	1
xchange_031677@xchange.customer-email.com	1
yasu_neupdx@hotmail.com	3
yellonero@mail.ev1.net	1
yener@singnet.com.sg	1
yevgeny.frolov@enron.com	4
yild@zdemail.zdlists.com	3
yolanda.ford@enron.com	2
yuan.tian@enron.com	8
yyaish@exchange.ml.com	22
zack.starbird@mirant.com	1
zangeles@sempra.com	54
zcalhoun@txhs.com	4
zdickson@telusplanet.net	1
zebradesign@libero.it	3
zeus1@olp.net	3
zhiyun.yang@enron.com	9
zistlerf@wallacegarcia.com	9
zrzic@mail.pt	1
zuzicd@axl.ca	1
