"greg holtgrave" <greg@apbenergy.com	33
07059@htcomp.net	1
1.10969419.-2@multexinvestornetwork.com	11
1.11176403.-2@multexinvestornetwork.com	9
1.11176403.-3@multexinvestornetwork.com	3
1.12714936.-13@multexinvestornetwork.com	1
1.12714936.-2@multexinvestornetwork.com	13
1.12714936.-3@multexinvestornetwork.com	1
10jribnick@interchange-energy.com	7
1800flowers.133139412@s2u2.com	1
1800flowers.195367247@s2u2.com	1
1800flowers.200573461@s2u2.com	1
1800flowers.213067706@s2u2.com	1
1800flowers.213151826@s2u2.com	1
1800flowers.215124894@s2u2.com	1
1800flowers.215430146@s2u2.com	2
1800flowers.238953664@s2u2.com	1
1800flowers.30925254@s2u2.com	3
1800flowers.31022381@s2u2.com	3
1800flowers.79112857@s2u2.com	2
1800flowers.82356652@s2u2.com	2
1800flowers.88555715@s2u2.com	3
1800flowers@1800flowers.flonetwork.com	1
1800flowers@shop2u.com	3
2000greetings@lists.postmastergeneral.com	2
2000greetings@postalmanager.com	9
73061.3514@compuserve.com	1
< file: mailto:bhill@hgp-inc.com >	1
< file: mailto:brett.selinger@sasktel.sk.ca >	2
< file: mailto:canrights@aol.com >	1
< file: mailto:corinne.rozon@watsonwyatt.com >	2
< file: mailto:elizabeth.sager@enron.com >	1
< file: mailto:gerald.nemec@enron.com >	8
< file: mailto:jason.wolfe@enron.com >	7
< file: mailto:jeffrey.miller@enron.com >	1
< file: mailto:kim.ward@enron.com  >	3
< file: mailto:kim.ward@enron.com >	4
< file: mailto:marabronstein@hotmail.com >	1
< file: mailto:marie.heard@enron.com >	2
< file: mailto:matthew.lenhart@enron.com >	34
< file: mailto:mjeffers@texed.net >	1
< file: mailto:sanjeev.khanna@enron.com >	1
< file: mailto:steve.gillespie@enron.com >	1
< file: mailto:us37134@ltfa.latech.edu >	1
<mailto:mike@nobull.net>	1
<mailto:mltrochta@dow.com>>	6
a.capolongo@morganstanley.com	7
a_la_zing@meals.alazing.com	1
aahyman@bpa.gov	3
aaron.berutti@enron.com	6
aaron.brown@enron.com	11
aashburn@mindspring.com	1
abb@eslawfirm.com	1
abcnewsnow-editor@mail.abcnews.go.com	33
abhijeet.naik@enron.com	1
abourne@alec.org	4
abrock@poloralphlauren.com	18
acarty@mail.smu.edu	1
accountit@autorelister.com	6
ace.roman@ubsw.com	1
ack@aelaw.com	18
adam.bayer@enron.com	11
adam.overfield@enron.com	3
adefelice@ggfcmk.com	8
adeleon@lionforce.com	6
adeller@ercot.com	2
adfxh@gandalf.otago.ac.nz	1
adicapri@utilicorp.com	5
adityad@wharton.upenn.edu	2
administrator@midwestdirectories.com	1
adrial.boals@enron.com	1
adrian.montague@socgen.co.uk	1
adriane.schultea@enron.com	1
aelia@isda-eur.org	1
afakir@wharton.upenn.edu	4
aforbess@wcenviro.com	8
afpaschke@bpa.gov	11
agasca@newenergy.com	1
agatha.b.tran@enron.com	10
ahanna@wvu.edu	1
ahebert@akingump.com	48
airam.arteaga@enron.com	16
ajay.jagsi@owen2002.vanderbilt.edu	4
akbredthauer@home.com	1
akimball@bracepatt.com	11
akohler@wolfblock.com	1
akratish@gscpartners.com	14
al.herrmann@chron.com	18
alan.bransgrove@xemkt.com	18
alan.comnes@enron.com	95
alan.d.jones@enron.com	1
alan.wright@us.cibc.com	2
alanmit@microsoft.com	6
alaska.web@alaskaair.com	3
alb@cpuc.ca.gov	18
albert.escamilla@enron.com	1
albert.hernandez@enron.com	14
aleonard@caiso.com	12
alert@msn.com	8
alex.hidalgo@enron.com	2
alex_pritchartt@yahoo.com	1
alexandra.villarreal@enron.com	136
alexia.gonzales@enron.com	1
alfredo.huertas@enron.com	1
alice.wright@enron.com	9
alicia.goodrow@enron.com	2
alicia.jenkins@enron.com	1
alishamahabir@yahoo.com	1
alistair.coleman@enron.com	2
allen.joe@enron.com	2
allison@firstconf.com	4
alove@houston.rr.com	5
altcap@rogers.com	6
alyse.herasimchuk@enron.com	2
amador.granado@enron.com	1
amanda.curless@enron.com	11
amanda.day@enron.com	1
amanda.rybarski@enron.com	194
amanda.rybarski@ubswenergy.com	2
amber.keenan@enron.com	5
americanredcross@processrequest.com	1
ameritrade_029426@ameritrade.customer-email.com	1
ami.thakkar@enron.com	7
amin_maredia@enron.net	1
amit.walia@enron.com	1
amita.gosalia@enron.com	10
amy.baker@enron.com	2
amy.clemons@enron.com	5
amy.gambill@enron.com	3
amy.rios@enron.com	2
amyb@industrialinfo.com	3
an@nationalpublishing.net	4
ana.maria.hernandez@enron.com	3
anash@spnbl.com	11
andrea.crump@enron.com	1
andrea.dahlke@enron.com	97
andrea.stein@robertwalters.com	4
andrea.streight@enron.com	1
andrew.baker@enron.com	1
andrew.gieser@enron.com	1
andrew.house@linklaters.com	3
andrew.miles@enron.com	5
andrew.pilecki-eds@eds.com	1
andrew.r.conner@enron.com	2
andrew.schleimer@ubsw.com	3
andrew.schwed@morganstanley.com	11
andrewcheng@email.msn.com	9
andy@spectronenergy.com	1
andybrief@yahoo.com	1
angela.hylton@enron.com	1
angela.white@enron.com	42
angie.collins@enron.com	17
angie.nicastro@nerc.net	1
angie_buis@enron.net	1
anitah@cnrl.com	2
ann.m.schmidt@enron.com	205
anna.fox@enron.com	1
annasymes@yahoo.com	3
anne.burch@currenex.com	1
anne.c.koehler@enron.com	32
annette.willis@enron.com	2
annise.parker@cityofhouston.net	1
announcements-verification01@paypal.com	1
anthony.dayao@enron.com	9
anthony.duenner@enron.com	2
antonio.paez@bradfordcompany.com	12
aopa_epilot@aopa.org	1
aopa_news@aopa.org	2
apapesch@isda.org	7
aparna.rajaram@enron.com	1
april.weatherford@enron.com	1
armandd@ben.dev.upenn.edu	3
arnie.bailey@enron.com	3
arnold.m.paxton@akzo-nobel.com	8
asaenz@exchange.enron.com	1
ashley.a.mace@williams.com	5
ashley.kerr@enron.com	1
askinfamilyis@home.com	1
asmith@cgsb.tamu.edu	2
asokan@yahoo.com	1
asseenonthenet@lists.em5000.net	1
atanpoco@telesto-inc.net	1
athena.alexander@cwt.com	8
atiku_abu@yahoo.com	1
atravenswood@hawaii.rr.com	1
atruax@dot.state.tx.us	4
audrey.robertson@enron.com	118
augusto.failde@nyuonline.com	1
autosend@grassfire.net	3
avillarreal1@houston.rr.com	2
avillarreal73@yahoo.com	1
aw-confirm@ebay.com	1
awaskow@exchange.ml.com	8
awenner@velaw.com	1
b-krumm@tamu.edu	21
b.arnold@cadcentre.com	4
babygyrl15_03@hotmail.com	3
badranguet@velaw.com	2
bailejw@texaco.com	11
balladeer@att.net	3
barbalex@ctel.net	6
barbara.cain@enron.com	2
barbara.g.shaull@williams.com	1
barbara.n.gray@enron.com	42
barbara_field@prenhall.com	1
barend.vanderhorst@enron.com	1
barrie_pace.ue.c13840.r39146906@ixs1.net	1
bart.burk@enron.com	1
bates124@airmail.net	1
bberneking@summitenergy.com	1
bboudrea@midsouth.rr.com	2
bburrell@tmh.tmc.edu	9
bbuxa@igservice.com	2
bcaldwell@peoplesgas.com	2
bcarte9@attglobal.net	3
bccorplegal@email.com	4
bcherry@sempra.com	156
bclcomputers@lb.bcentral.com	1
bcn3@pge.com	3
bcorrier@cox-internet.com	8
bdcash@lej10.med.navy.mil	1
bdmcgugan@fedex.com	2
beames@quantlab.com	2
bear@specsonline.com	2
beau_ryan@aimfunds.com	4
becky.quintana@enron.com	1
begreen@seiworldwide.com	6
beisenberg@starpower.net	1
ben.asante@enron.com	18
benjamin.schoene@enron.com	3
benlatino@hotmail.com	1
benson03@juno.com	2
berman@wrightlaw.com	1
bernadette.etienne@enron.com	4
berney.c.aucoin@enron.com	7
bert.meyers@enron.com	8
bert.stipelcovich@enron.com	1
beta_041001@airmail.continental.com	3
beth.apollo@enron.com	42
beth.cherry@enform.com	173
beth.miertschin@enron.com	1
beth@angelflightsc.org	9
beth_schwartz@galveston-schools.org	1
bethc@pandaenergy.com	2
bethm@ahlr.com	1
betsy.bassis@enron.com	1
betty.tauzier@enron.com	2
bettynance@dellnet.com	15
beverict@kochind.com	4
beverly.b.beaty@williams.com	2
bevetal@earthlink.net	1
bfarnsworth@geonetservices.com	6
bgabrielson@cdnam.com	9
bgkeithley@jonesday.com	3
bgpenn@marathonoil.com	12
bgrizzle@capricornholdings.com	3
bharris@usbr.gov	1
bhastings@sk.sympatico.ca	2
bhendry@houston.rr.com	2
bhernand@enron.com	1
bhighlig@bna.com	76
bible@emazing.com	3
bieraugel@efortress.com	4
bieraugel@john-paul-jones.navy.mil	3
bilal_bajwa@hotmail.com	5
bill.cordes@enron.com	3
bill.d.hare@enron.com	19
bill.smit@liffe.com	1
bill.windle@enron.com	3
bill_allison@kne.com	2
bill_ketcheson@pancanadian.ca	10
billmcilwain@yahoo.com	1
billy.braddock@neg.pge.com	1
birgit@hiresynergy.com	5
bjost@huberlaw.com	1
bkelly@ncsc.dni.us	1
bkerns@duke-energy.com	4
bkettlewell@ercot.com	2
bklingsporn@houston.rr.com	1
bkuchar@nicor.com	2
blair.fleming@rbcds.com	2
blake.walker@enron.com	5
blandford@smtp.democrats.org	4
blathram@lmnarchitects.com	10
blbromberg@itsmarta.com	2
blessedaw@hotmail.com	3
blue@goldenowens.com	1
bmckay2@bloomberg.net	3
bmills@concentric.net	6
bmonte@llgm.com	4
bmoore@tmanage.com	1
bncom_bncoupon@barnesandnoble.flonetwork.com	10
bncom_bncoupon@email.bn.com	18
bnthoward@earthlink.net	1
boardwalk@iquest.net	6
bob.chandler@enron.com	29
bob.cummings@nerc.net	2
bob.hillier@enron.com	2
bob.m.hall@enron.com	96
bob.shults@enron.com	74
boba@energy.ca.gov	8
bobbi.kilburn@vynpc.com	5
bobbie_power@enron.net	9
bobby@kobaki.com	3
body.shop@enron.com	46
boethia@hotmail.com	31
boltonstacey@hotmail.com	1
bondinfo@fmsbonds.com	1
bonnie.white@enron.com	1
book-sale@amazon.com	3
books-news@amazon.com	1
booksonart@aol.com	1
boydjas@hotmail.com	6
boying@ci.long-beach.ca.us	8
brad.king@conoco.com	95
brad.nelson@nrgenergy.com	6
brad.romine@enron.com	1
bradford.larson@enron.com	10
bradley@morrownet.net	2
bradmonovich@lockeliddell.com	4
braedi.craig@enron.com	1
brandon.wax@enron.com	4
brandons@calpine.com	5
brenda.f.herod@enron.com	18
brenda.h.fletcher@enron.com	12
brendan.connellan@morganstanley.com	6
brendan.fitzsimmons@enron.com	4
brent.dornier@enron.com	2
brent.wahl@jpmorgan.com	7
brent4king@hotmail.com	7
brewery@saintarnold.com	2
brian.m.corbman@bofasecurities.com	3
brian.m.riley@enron.com	1
brian.ripley@enron.com	3
brian.schaffer@enron.com	5
brian.vassigh@enron.com	1
brian.westlake@blakes.com	2
brian_rudis@aimfunds.com	1
brianp@aiglincoln.com.pl	2
brinconsult@aol.com	1
britt.davis@enron.com	31
britt.whitman@enron.com	16
brittanydoty@hotmail.com	1
browning@pbworld.com	8
bruce.birchman@ferc.fed.us	6
bruce.bowden@williams.com	5
bruce.mills@enron.com	34
bruce.rudy@enron.com	4
bruce_kohrs@keyspancanada.com	4
bruno.gaillard@enron.com	1
bruno@eyeforenergy.com	17
bruzinsky@jw.com	4
bryan.duguid@blakes.com	1
bryan.kimzey@csfb.com	26
bryan.robins@enron.com	3
bryan.sifert@csfb.com	3
bryan6110@msn.com	2
bryant.frihart@enron.com	15
bryno@summit-resources.com	1
bschaeffer@prebon.com	1
bswanstrom@lockeliddell.com	15
btowbin@unterberg.com	88
btyndall@beattylaw.com	4
budanski@hotmail.com	4
buddy.majorwitz@enron.com	3
bunks@andrews-kurth.com	52
burgesss@dteenergy.com	4
burkee@cts.com	42
burrosale@hotmail.com	6
buy.com230@enews.buy.com	2
bwebb@shb.com	4
bwhitta@pnm.com	1
bwhitwell@we-law.com	4
bwilliamsjr4@attbi.com	5
byronellis@usa.net	5
bzeman@fame.com	6
cabramo@bloomberg.net	4
cacurrie1@msn.com	1
cahelms@cmsenergy.com	1
calabresecharlie1@hotmail.com	1
cameron.moates@us.pwcglobal.com	8
candc@gocougs.wsu.edu	5
cannon2@swbell.net	3
capcon@gmu.edu	15
cara.semperger@enron.com	34
cardonmckay@home.com	1
cards-help@amazon.com	1
carey@cableone.net	1
carl.fink@neg.pge.com	2
carl.tricoli@enron.com	12
carlew@flash.net	15
carlos.giron@psiusa.com	31
carlos.sole@enron.com	3
carlos.torres@enron.com	4
carltonck@sbcglobal.net	1
carmella.jones@enron.com	3
carmen.feliciano@eds.com	1
carmen.perez@enron.com	1
carol.coats@enron.com	4
carol.martin@chamberlainlaw.com	1
carol.milanowski@williams.com	1
carol.moffett@enron.com	1
carol.moline@powerpool.ab.ca	6
carol.north@enron.com	6
carol.st.clair@enron.com	97
caroline.emmert@enron.com	3
caroline.hudgell@gs.com	3
caroline.lang@sothebys.com	2
caroline.nugent@enron.com	2
caroline@ronarad.com	3
carolyn.cooney@enron.com	6
carolyn.wedel@enron.com	2
carolyn.winowitch@enron.com	1
caron.horton@trinity.edu	17
carrrn@bracepatt.com	2
casey.evans@enron.com	172
casino@sportingbetusa.com	1
cassandra.chinkin@enron.com	1
catherine.clark@enron.com	1
cathy.l.moehlman@enron.com	3
cathy@intelligencepress.com	1
cathywolfe@ezeeweb.com	1
cavan.c.carlton@williams.com	1
cbartlett@hbs.edu	2
cbischof@earthlink.net	1
cbondy@stanfieldcp.com	1
cbpres@austin.rr.com	6
cbroussard@harveybuilders.com	1
cbssportsline.com_thesportingnews@mail.0mm.com	1
cbulf@oneok.com	2
ccarbo@hssbc.com	8
cchristopher@skippingstone.com	2
ccryans@westerngas.com	2
cdmetz@midcogen.com	1
cdnow#2.2873.48-oy0-gd2ovdf6.1@cda01.cdnow.com	1
cdnow#2.2873.72-cxtvsrmukelc.1@cda01.cdnow.com	1
cdnow#2.3004.2c-kmpmgctyqujg.1@cda01.cdnow.com	1
cdnow#2.3028.bc-i7tbl62iuyg-.1@cda01.cdnow.com	1
cdnow#2.3448.0f-caztgqhv98ci.1@cda01.cdnow.com	1
cdnow#2.3895.3b-cqbugn4uk7i0.1@cda01.cdnow.com	1
cdtmn@allstate.com	1
cecilia.rodriguez@enron.com	5
celeahy@hotmail.com	15
cella.amerson@enron.com	1
cen4927@griffon.mwsc.edu	3
cfar@attglobal.net	1
cfi1@tca-us.com	21
cgehring@renewdata.com	209
cggarrod@cdp.bm	6
cglazzard@pdq.net	1
cgreasley@isda.org	6
chance.rabon@enron.com	56
changang@swbell.net	2
charboneau@pdq.net	2
charles.alvarez@enron.com	2
charles.c.uus@stasco.com	3
charles.okechukwu@enron.com	2
charles.turcich@enron.com	1
charles.ward@enron.com	9
charles@capstoneenergy.com	33
charlie.driggs@conectiv.com	2
chartsell@unimarkllc.com	3
chase.stock@ubsw.com	2
cheese@alltel.net	1
chelsea.bardal@enron.com	10
chenee.franklin@enron.com	1
cheryl.dudley@enron.com	3
cheryl.nelson@enron.com	13
cheschuk@hotmail.com	1
childejo@us.ibm.com	1
chip.schneider@enron.com	72
chj@aelaw.com	30
chouda@nmh.org	1
chris.a.smith@enron.com	17
chris.h.foster@enron.com	102
chris.hyde@enron.com	25
chris.knowles@airliquide.com	1
chris.lambert@enron.com	5
chris.long@enron.com	10
chris.meyer@enron.com	47
chris.ordway@enron.com	7
chris.ordway@ubswenergy.com	1
chris.roy@airliquide.com	3
chris.walker@enron.com	23
chris@dahlelectric.com	9
chris_helona@readwo.com	3
chris_spagnoli@rcn.net	3
chriscobb@akllp.com	1
chrisd@amerexenergy.com	5
chrisrtowest@earthlink.net	11
christa@crossborderenergy.com	30
christianquote-html@emazing.com	18
christina.sanchez@enron.com	7
christine.drummond@enron.com	1
christine.mcevoy@enron.com	4
christinestokes@hotmail.com	2
christopher.f.calger@enron.com	186
christopher.mcneillie@bellsouth.com	1
christopher.townsend@piperrudnick.com	6
christopher.walker@linklaters.com	4
christy@epis.com	1
chuck.paul@wiseshops.com	1
chuck.spence@ing-barings.com	2
cindy.hudler@enron.com	2
cindy.olson@enron.com	11
cindy.richardson@enron.com	43
citymgr@southside-place.org	3
cjdick@pdq.net	2
cjewett@velaw.com	2
cjohansen@pclient.ml.com	1
cjpauley@bpa.gov	7
cjustman@washington.k12.ia.us	4
ckalau@hotmail.com	6
ckennedy@seyfarth.com	4
ckocarek@u.washington.edu	1
ckooken@xonex.com	3
claire.burum@gulfsouthpl.com	1
claudia.robinson@ubsw.com	7
claudio.ribeiro@enron.com	3
clay.harris@enron.com	1
clement.abrams@enron.com	1
clfauxde@houston.rr.com 	1
cliang@bu.edu	3
clickathome@enron.com	35
clickz.today.txt@my.clickz.com	9
client@admission.com	2
clientrelations@ercot.com	9
cliffang@pacific.net.ph	1
clint.dean@enron.com	8
clint.freeland@enron.com	10
clott@matrixservice.com	9
cmbcjm@olypen.com	3
cmcclell@qualcomm.com	4
cmcwhert@bankunited.com	3
cmiller@smud.org	12
cmoore@akingump.com	1
cneely@dsda.com	2
co.o.l._112800@airmail.continental.com	8
co.o.l._120500@airmail.continental.com	5
co.o.l._121200@airmail.continental.com	14
colleen.gibson@excite.com	1
colleen.sullivan@enron.com	4
colson@nylf.org	1
compaq.classic.2001@compaq.com	2
compaq_my_presario-10@greatideas.compaq.com	3
compaq_my_presario_8@greatideas.compaq.com	3
conf@resourceinfo.com	1
connie.hook@enron.com	5
constance.mckinsey@enron.com	1
consumercare@autobytel.com	1
contact@barryfriedmanltd.com	1
continental@coair.com	1
continental_airlines_inc@coair.rsc01.com	50
conway77@vision1mm.com	8
coolmemberslist@lists.coolvacations.com	1
cooper.richey@enron.com	7
cora.pendergrass@enron.com	22
coralie.evans@enron.com	1
cornwell@ipams.org	1
corporatecounsel@martindale.com	1
corrier@cox-internet.com	4
cory.willis@enron.com	2
courtney.cleman@morganstanley.com	7
cpapish@sempratrading.com	4
cpavlica@enerad.com	1
cpmccart@llgm.com	5
cpost@aoshouston.org	1
craig.gantner@nrgenergy.com	1
craig.shields@enron.com	2
craig.taylor@ubswenergy.com	1
craig@stollerinc.com	3
craig_shackleton@amat.com	3
craige@fbg.net 	1
craigl@calpine.com	96
cramer@cadvision.com	50
crawford.284@osu.edu	2
crcommunications@caiso.com	261
crm@bstl.com.mx	1
crystal.dobson@enrondirect.co.uk	1
csdaulat@hotmail.com	6
cservice@questar.com	1
csfbdirect@csfbdirect.com	1
cstone1@txu.com	223
csulzer@grenergy.com	8
cthompson@bracepatt.com	1
ctodd@tigersportsproperties.com	2
curly.baca@enron.com	1
curtis.hutcheson@compaq.com	1
curtis.wagner@ferc.fed.us	1
curtq@msn.com	1
customer_service@pmail.feer.com	1
customercenter@forrester.com	1
customerrequest@lesn.rsc02.com	2
customerservice@bankofamerica.com	1
customerservice@chron-news.com	1
customerservice@zoomerang.com	1
customersupport@factiva.rsc01.com	6
customersvc@email.fatbrain.com	5
custserv@sportingbetusa.com	3
cvanscyoc@tmvgas.com	2
cwcass@duke-energy.com	57
cweaver@grouppublishing.com	1
cwhite@texas.usta.com	54
cwhitehead@isda-eur.org	4
cxm2@pge.com	3
cyfax@cynetinc.com	1
cynthia.franklin@enron.com	1
cynthia.hakemack@enron.com	4
cynthia.siniard@enron.com	1
daatterb@garlandisd.net	3
dac_calderhead@hotmail.com	3
dailyblessings.10@lists.postmastergeneral.com	163
dale.m.davis@williams.com	2
dale.onrait@rbcinvestments.com	5
dale.ratliff@enron.com	1
damian.kissane@db.com	4
damianw@teai.com	1
dan.boyle@enron.com	7
dan.burke@enron.com	1
dan.diamond@enron.com	6
dan.dietrich@enron.com	4
dan.fancler@enron.com	18
dan.h.sallee@bhpbilliton.com	1
dan.kruger@lcra.org	4
dan.masters@enron.com	2
dan.rittgers@enron.com	3
dan.staines@enron.com	1
dan@lcook.com	2
dana.bryant@enron.com	2
dana.jones@enron.com	12
danansanders@aol.com	1
dandks@netzero.net	3
daniel.brown@enron.com	3
daniel.garcia@morganstanley.com	3
daniel.kang@enron.com	2
daniel.lisk@enron.com	5
daniel.muschar@ubswenergy.com	4
daniel.r.rogers@enron.com	4
daniel.stephens@enron.com	16
danielahorth@aec.ca	2
danny.foster@enron.com	1
dannyh@calpine.com	4
daphne@katzlaw.com	10
darcy@reliant.com	1
darlene.c.forsyth@enron.com	1
darrell.schoolcraft@enron.com	39
darrell.w.kinder@enron.com	1
darren.delage@enron.com	1
darrington.outama@enron.com	1
dassistant@ingaa.org	2
database.au@terrmail3.terrapinn.com	7
database.uk@terrmail3.terrapinn.com	2
davbarb@bellsouth.net	6
dave.darnell@systrends.com	1
dave.fuller@enron.com	63
dave.hill@enron.com	2
dave.waymire@enron.com	1
dave.wei@enron.com	1
david.briggs@xcelenergy.com	2
david.da.allan@enron.com	3
david.deveny@bmo.com	3
david.e.frels@bayoucitymoving.com	1
david.fairley@enron.com	2
david.forster@ubswenergy.com	1
david.hardy@enron.com	1
david.hensel@enron.com	2
david.herman@tvland.com	1
david.marshall@enron.com	2
david.mckeon@entergykoch.com	2
david.minns@enron.com	6
david.parquet@enron.com	3
david.patton@enron.com	4
david.porter@glencore-us.com	6
david.v.porter@enron.com	3
david.w.delainey@enron.com	35
david.w.eubanks@enron.com	5
david.woodstrom@enron.com	13
david.yeager@elpaso.com	2
david@macynewman.com	1
david_kinder@kindermorgan.com	5
david_maskell@enron.net	1
davidishaw@yahoo.com	6
davis.thames@enron.com	3
dawn.armfield@enron.com	1
dawn.doucet@enron.com	14
dawn.kenne@enron.com	36
dblinzinger@bosetreacy.com	2
dc.fax.rightfaxuser@bracepatt.com	15
dcanfiel@lanier.com	2
dcasey@cline-law.com	3
dcherry@bpa.gov	1
dcmp#c#dcmp.pcmp#c#vferraz@elektro.com.br	2
dcullinane@us.ncipher.com	4
ddaniels@bracepatt.com	4
ddavids@caiso.com	6
ddd@teamlead.com	3
ddefranc@susmangodfrey.com	1
ddenniston@aesc.com	1
ddobson@mclanegrp.com	6
ddrumm@foleylaw.com	2
deanrogers@energyclasses.com	17
deardorffjk@mfr.usmc.mil	1
deasley@houston.rr.com	1
deb.korkmas@enron.com	8
debbie.doyle@enron.com	2
debbie.moore@enron.com	2
debbie.thompson@enron.com	15
debbie_finnell@anadarko.com	2
deborah.baker@tx.usda.gov	1
deborah.culver@enron.com	2
deborah.greenwood@linklaters.com	1
deborah.samuel@usdoj.gov	3
debra.dap.perlingiere@enron.com	1
debra.davidson@enron.com	17
debra.perlingiere@enron.com	43
debra.scurlock@enron.com	1
debra.weir@enron.com	2
debra.young@enron.com	2
debra_bailey@enron.net	23
decspecials@ino.com	2
deirdre.mccaffrey@enron.com	10
delaney@bus.msu.edu	3
delivers@amazon.com	5
deltamemberslist@lists.deltavacations.com	4
demetris@publicans.com	2
dempsey@wapa.gov	2
dems-news@2001victory.com	8
denise.lagesse@enron.com	21
dennis.brown3@enron.com	2
dennis.withee@aesmail.com	1
dennis_mcconaghy@transcanada.com	4
dennis_money@rge.com	3
denv@hob.com	3
denver.plachy@enron.com	5
denys.watson@enron.com	1
derek.ahmann@bus.utexas.edu	6
derek.edmiston@enron.com	2
derek.kelly@enron.com	1
derek.lynn@home.com	1
dert55@arabia.com	1
desiree_lopez@irco.com	1
devinder.uppal@blakes.com	1
dewann.weltmer@hjheinz.com	4
dfuller@princeton.edu	5
dgagliardi@reliant.com	2
dgholtz@yahoo.com	3
dgrimes@ibshouston.com	1
dguest2@andrews-kurth.com	2
dharriso@scholle.com	1
dharvin@velaw.com	2
dhess@gbmdc.com	4
dhollier@nisource.com	9
dhutchens@tucsonelectric.com	18
diana.hollier@tpc-corp.com	7
diana.peters@enron.com	2
diane.eckels@enron.com	3
diane.fellers@enron.com	2
diane.h.cook@enron.com	3
dimitri.tagaropulos@enron.com	1
dina.snow@enron.com	4
diomedes@cumulouscapital.com	11
dirvin@gardere.com	1
disneyworldnews@disneyonline.com	1
dispute@ix.netcom.com	6
distribution@caem.org	2
distribution@pira.com	17
djenergy@dowjones.com	1879
djhewson@telusplanet.net	1
djohnson@energy.state.ca.us	1
djutrff4@yahoo.com	1
dkawash@ridgewoodpower.com	1
dkelley@gowaninc.com	2
dking@bracepatt.com	1
dkolk@compenergy.com	2
dlacen@pnm.com	7
dlbatten@duke-energy.com	2
dlisk@velaw.com	3
dlocascio@bracepatt.com	12
dm-dmcn5-help@dmlogix.com	1
dmanking@mindspring.com	1
dmartin@imperialcapital.com	6
dmburkett@houston.rr.com	6
dmclolinger@yahoo.com	1
dmeek@agency.com	1
dmenn@1stchoiceinc.com	1
dmetcalfe@cullenanddykman.com	5
dmims@fyi-net.com	1
dmitchel@cwt.com	4
dmitri.villevald@owen2002.vanderbilt.edu	4
dmoore21@charter.net	17
dmuchow@erols.com	1
dmusslew@mccallgroup.com	4
dmusslewhite@sterlingmccalltoyota.com	8
dnocera@tristategt.org	4
doctoridea@email.msn.com	1
dominic.carolan@enron.com	3
don.adair@powerpool.ab.ca	1
don.baldridge@enron.com	3
don.hawkins@enron.com	8
don.mauldin@dvn.com	2
don.miller@enron.com	113
donald.vignaroli@enron.com	1
donbratcher@msn.com	1
donna.everett@enron.com	1
donna.fulton@enron.com	25
donna.greif@enron.com	9
donna.johnson@enron.com	4
donna.ruff@enron.com	3
donna.teal@enron.com	26
donnachagnon@netzero.net	3
donnie.mcfarden@elpaso.com	1
donnie.myers@enron.com	2
donohoet@msn.com	1
donotreply@webmail.fp.edu	2
dora_thurmond@uniteddc.com	3
dorothy_dalton@enron.net	4
dottie@kerr-solutions.com	14
doug.cebryk@enron.com	2
doug.hincks@powerpool.ab.ca	2
doug.leach@enron.com	21
doug.sewell@enron.com	28
doug@campbell.com	7
douglas@chelanpud.org	2
douglasdyer@msn.com	1
dpedigo@intergen.com	1
dpef@home.com	4
dpratt@winstead.com	1
dralionclub@america.cirquedusoleil.com	3
drayton@mclanegrp.com	1
dreining@gmu.edu	3
drerupd@ds-s.com	2
drewbeckman@hotmail.com	2
driver@rka.co.uk	3
drobinson@cshnyc.org	3
dryan1@houston.rr.com	2
dsalter1@charter.net	4
dsalter@hgp-inc.com	17
dsanchez@tradespark.com	1
dsciullo@bw-legal.com	3
dsilvers@aflcio.org	1
dsmith@ptc.com	1
dstewart@tnrcc.state.tx.us	2
dtencellent@prebon.com	2
dtexar@velaw.com	1
dtheriault@octagonresources.com	1
dtomlin@bcm.tmc.edu	1
dtran@energy.state.ca.us	3
dtyson@adaytum.com	5
ducharmeck@aol.com	3
dustin-sievers@hoffmancorp.com	6
dustin.collins@enron.com	6
dutch.quigley@enron.com	14
dvancoevering@attbi.com	1
dvholmes@qwest.net	1
e.bulletin@schwab.com	1
eanderson@keyspanenergy.com	1
earl.chanley@enron.com	13
eberle13@hotmail.com	2
ebiz@enron.com	53
eboon@thlee.com	2
ect.notes.admin@enron.com	3
ed.cattigan@enron.com	3
ed.hearniii@enron.com	1
ed.m.fore@lmco.com	1
ed.wojcik@enron.com	3
ed_hlopak@enron.net	5
eddy.daniels@enron.com	7
edentech@earthlink.net	2
edfruge@txccc.org	4
edgonzales@ev1.net	15
edgroup@eei.org	18
ediec@gis.net	3
edith.cross@enron.com	5
editor@hersweeps.com	1
editor@theb2bvoice.com	1
edmund_a_bosse@comerica.com	2
edowling@quantum-intl.com	16
edward.brady@enron.com	23
edward.d.baughman@enron.com	2
edward.sacks@enron.com	37
edwardsk2003@yahoo.com	2
edwin.essandoh@enron.com	2
edwinfitts@hotmail.com	10
eesproductannouncement@enron.com	8
efrancoeur@iso-ne.com	4
ehuff@llgm.com	3
ei_editor@ftenergy.com	12
ejohnsto@utilicorp.com	1
ejschneidewind@varnumlaw.com	1
ekrapels@esaibos.com	3
el58pickle@cs.com	2
elaine.schield@enron.com	11
eleuze@caiso.com	3
elissa.isaacs@piperrudnick.com	2
elizabeth.danes@capitalz.com	1
elizabeth.shim@enron.com	8
elizabeth.webb@enron.com	20
elizabeth_peters@enron.net	11
ellen@tca-us.com	3
elliot.bonner@enron.com	1
elm.team@enron.com	1
elmalida@pop.telusplanet.net	1
elnino52@concentric.net	3
elopez@bracepatt.com	8
elsa.villarreal@enron.com	1
elwanda.bennett@enron.com	1
elyse.kalmans@enron.com	2
email.service@schwab.com	2
email@chase.rsc01.com	1
emainzer@attbi.com	5
emartin@state.nm.us	3
emily.sellers@enron.com	11
emory.mahaxy@enron.com	1
emy.geraldo@enron.com	3
enerfax1@aol.com	6
enerfax1@bellsouth.net	219
enerfaxdaily@enerfax.com	2
enerfaxtext@enerfax.com	3
energy_list@spencerstuart.com	1
energymarkets@halldata.com	2
enernetenergy@excite.com	2
enews@strategy-business.com	1
enron.canada.general.annoucements@enron.com	30
enron.media.services@enron.com	1
enron@avenueb2e.com	15
enronlondon-eolproductcontrolgroup@enron.com	1
enronmediacuttings@enron.com	4
enronmessagingadministration@enron.com	205
epao@mba2002.hbs.edu	29
epeddi1254@cs.com	4
eps@epexperts.com	1
era@molalla.net	1
eray@judgeelizabethray.com	2
eric.bass@enron.com	31
eric.benson@enron.com	5
eric.ellwanger@elpaso.com	6
eric.feitler@enron.com	1
eric.newell@enron.com	6
eric.scott@enron.com	2
eric.shaw@enron.com	3
eric.thode@enron.com	34
eric@ehirst.com	10
erica.bess@enron.com	4
erica_braden@enron.net	4
ericboyt@hotmail.com	1
erichardson@sarofim.com	178
erik.deadwyler@enron.com	2
erik.simpson@enron.com	3
erin.copeland@enron.com	7
erin.hall@enron.com	1
erin.robinson@williams.com	3
ernie.j.zavaleta@fritolay.com	22
eromero@hou.projectconsulting.com	2
erothman@aceguarantyre.com	4
esaibi@hotmail.com	3
esmeralda.gonzalez@enron.com	16
especials@specials.ovm.com	2
espnnews_gen2@espn.go.com	1
espnnews_sp10@espn.go.com	2
espnnews_sp1@espn.go.com	1
espnnews_sp9@espn.go.com	1
estrickland@mieco.com	13
etjmoon@prodigy.net	33
etrade@esurvey.0mm.com	10
ets.information.risk.management@enron.com	5
ets.omaha.solution.center@enron.com	3
etssolutioncenter@enron.com	93
eva.neufeld@nborder.com	1
evan.hughes@enron.com	4
evans.swann@enron.com	1
evans_r_mark@yahoo.com	5
events2001@enron.com	2
events@eyefoenergy.com	3
events@eyeforenergy.com	13
events@gap1.m0.net	1
events@skippingstone.com	2
evk1@pge.com	6
executive_director@periwinklefoundation.org	2
exnet@restructuringtoday.com	4
expedia.com_011234@expedia.customer-email.com	3
expedia.com_011547@expedia.customer-email.com	3
expedia.com_011916@expedia.customer-email.com	3
expedia.com_031435@expedia.customer-email.com	1
expediatravel_011049@expedia.customer-email.com	3
faith.killen@enron.com	65
fali@adaytum.com	6
faretracker_013052@expedia.customer-email.com	3
faretracker_018751@expedia.customer-email.com	4
faretracker_019565@expedia.customer-email.com	4
faretracker_019907@expedia.customer-email.com	4
faretracker_020273@expedia.customer-email.com	4
felicia.ma@enron.com	1
feliciagarcia@aec.ca	2
fentos@chevrontexaco.com	1
fernley.dyson@enron.com	3
fersam@lab.students.stcl.edu	1
fgetman@houstonstreet.com	15
fgiffels@hgp-inc.com	3
fgreenberg@epsa.org	1
fidelity.investments@fidelity2.m0.net	1
fildesd@phibro.com	7
fingerhut@offertizements.com	1
fkhoward@swbell.net	1
flack@copn.com	5
fletcher.j.sturm@enron.com	22
flowersw@mail.mcn.org	1
fmg37@hotmail.com	1
fmnichols@mindspring.com	4
fnamjou@energy.state.ca.us	1
fool@motleyfool.com	359
football@fantasygames.go.com	1
ford.cooper@enron.com	2
fordhelen@hotmail.com	1
foresight@xenergy.com	1
forgot@lga2.nytimes.com	1
fostermm@seark.net	2
fpam_@hotmail.com	24
fputman@gardere.com	2
fraisy.george@enron.com	78
frank.carriere@enron.com	1
frank.cernosek@enron.com	3
frank.hayden@enron.com	144
frank.hosak@enron.com	2
frank.sayre@enron.com	9
frank.semin@enron.com	7
frank.smeal@fiserv.com	1
frank4au@alltel.net	12
frankie.terrell@nav-international.com	1
frankjwil@yahoo.com	1
fred.ritter@eal.ab.ca	3
fschoenhof@banamex.com	2
fsturm@enron.com	1
fte_newsletters@ftenergy.com	3
ftenergy1@ftenergy.com	5
fun@infobeat.com	51
fun_for_free@external.flipsidemail.com	2
fzwenig@usasean.org	1
g7pwc3@stennis.navy.mil	18
gabriel.chavez@enron.com	1
gac@mrwassoc.com	6
gacox@mail.gsi-net.com	26
gail.kettenbrink@enron.com	13
gail.shanley@gs.com	10
galea@mcgown.com	12
ganapathy.ramesh@enron.com	21
gap@gap.m0.net	7
gary.a.hanks@enron.com	1
gary.g.lovett@usa.conoco.com	3
gary.kenagy@enron.com	17
gary.linhart@enron.com	1
gary.maestas@enron.com	1
gary.p.smith@enron.com	14
gary_stadler@enron.net	2
garybarbour@email.msn.com	2
gaswidensky@duke-energy.com	3
gautam.gupta@enron.com	7
gautamnijhawan@hotmail.com	1
gay_mayeux@enron.net	1
gayland@amerexenergy.com	1
gayle@rodgers-ramsey.com	23
gaylenh@questar.com	1
gbehr@energyservicesgroup.net	1
gbrown@caiso.com	1
gbsonnta@utmb.edu	2
gcaspy@mba2002.hbs.edu	2
gccvalentinegifts@email.online.hallmark.com	1
gcordell@hcceb.com	1
gcroom@eei.org	1
gdavid@mdck.com	35
geir.solberg@enron.com	6
geiv.dubash@enron.com	1
genaro.mendoza@enron.com	4
genchedi@er.oge.com	2
gene.lockhart@enron.com	4
geoff.storey@enron.com	13
george.delcanto@enron.com	1
george.f.smith@enron.com	10
george.phillips@enron.com	14
georgene.moore@enron.com	6
gerald.nemec@enron.com	136
geraldm@questar.com	3
gerard.a.sanfilippo@citigroup.com	2
geri.greenall@elpaso.com	5
germanj@basf-corp.com	21
gerry.hrap@enron.com	3
ges@houston.rr.com	12
gfeliciano@earthlink.net	3
ggreen2@txu.com	108
ggt@gateway.net	8
ghayes@mcwilliamsforge.com	3
ghcf@ghcf.org	19
gibsonm@mrcorp.com	1
gift@amazon.com	34
gilsmith@gilsmith.demon.co.uk	1
gina@clarkbattery.com	3
ginger.mccain@enron.com	1
ginger.sinclair@enron.com	3
ginsuwholesale@eudoramail.com	1
gitomerb@wharton.upenn.edu	8
gizicki@bipac.org	2
gkaur1@lucent.com	1
glen.hass@enron.com	174
glenda.wagner@enron.com	2
glenn.sloan@enron.com	1
glenn@pira.com	10
glenna.ross@blakes.com	1
gloria.dawson@cityofhouston.net	1
gloria.vansco@travelpark.com	2
gmarmol@gmarmol.com	14
gmcarthur@hydrogenics.com	1
gmiller@rci.rogers.com	3
gnemec@houston.rr.com	8
godsearchtripod@yahoo.com	4
goliasbj@bipc.com	2
gomezer@psi.com	4
gordon@valeopower.com	2
goreb13@hotmail.com	3
gowens@ingaa.org	2
gpereira7@hotmail.com	1
gpeters@epsa.org	1
gracie.s.presas@enron.com	3
gracocsrep@gracocorp.com	5
graham.aley@enron.com	2
grant.oh@enron.com	4
grant.w@mindspring.com	8
greenija@mapleleaf.ca	1
greg.frers@enron.com	12
greg.hibbert@enron.com	3
greg.lewis@enron.com	2
greg.parker@rdec.redstone.army.mil	8
greg.trefz@enron.com	2
greg.whalley@enron.com	14
greg.wolfe@enron.com	1
gregg.cooper@enron.com	1
gregg.penman@enron.com	7
gregg@enviroconsystems.com	1
gregory.adams@enron.com	5
gregory.schockling@enron.com	27
gregorys@houston.rr.com	1
grenfrow@ong.com	3
gretchen.hardeway@enron.com	4
grichar@smud.org	16
griff@odessapumps.com	6
griffind@phibro.com	2
grindal.corey@epenergy.com	4
gritfarrell@yahoo.com	1
grocerywor@processrequest.com	3
groves.ned@mayo.edu	1
grsinc@erols.com	4
gskarb@cmsenergy.com	1
gsugarbee@cs.com	1
gtlee@llgm.com	2
gtownsend@manorisd.net	49
gtrr99i@yahoo.com	1
gwadsworth@midf.com	3
gweilinger@wei.org	1
gwendolyn.chavis@enron.com	3
gwendolyn.williams@enron.com	1
gwesko@ppims.services.mcmaster.ca	3
gwhipple@us.ibm.com	5
hadix.susan@epenergy.com	6
hai.chen@enron.com	3
hal945@swbell.net	3
hallisey@houston.rr.com	2
hamptonf@howrey.com	1
hao@quinnemanuel.com	22
happyholidays@natsource.com	2
harnekm@hotmail.com	1
harold_tamayo@merck.com	7
harrisc@mail.utexas.edu	15
harry.arora@enron.com	9
harry.bucalo@enron.com	1
harry.woodson@enron.com	13
health-html@emazing.com	54
health@emazing.com	3
heather.choate@enron.com	37
heather.davis@travelpark.com	4
heather.gibbs@nerc.net	9
heather@classicmom.com	3
heather_strauss@prusec.com	1
hector.mcloughlin@enron.com	26
heightshappy@aol.com	3
helen.marie.taylor@enron.com	2
hellmanc@swbell.net	1
helpdesk@intcx.com	3
henleyinc@home.com	2
henry.emery@ubspainewebber.com	39
herbert.goodwin@enron.com	1
herbert_molina@juno.com	6
hernaev@ssa.co.orange.ca.us	4
hertz#1clubgold@hertzgold.com	1
hesaul@winstarmail.com	1
hjalmer@liquidengines.com	6
hjreddish@sbinfra.com	2
hkh@michaelrosenfeldart.com	2
holden.salisbury@enron.com	3
holland.brown@mba02.bus.utexas.edu	1
holly.keiser@enron.com	57
holly_strong@enron.net	2
homerh@flash.net	2
hono@utilicorp.com	1
hooksdivision@sbcglobal.net	1
hotdeals@bestfares.com	24
hounymex@swbell.net	1
howard.sangwine@enron.com	2
howard@wrightlaw.com	60
howardmj@2mawbft.usmc.mil	1
hpshopping@hpsv.m0.net	1
htheaker@velaw.com	1
huberf@goalamo.com	6
hugh.connett@bridgeline.net	3
huyg384@flashmail.com	1
huyi2226@polbox.com	1
hvo2@exchange.enron.com	11
hvo@adaytum.com	2
hw64iik76oo8g5@msn.com	1
hwarnick@spawglass.com	27
hwasgatt@home.com	6
i00nlp@fds.com	2
iam@michaelberry.com	1
ibalenovic@gov.mb.ca	1
idel.metzger@enron.com	1
igoldsmith@natsourcetulletteurope.com	1
ihrke@mindspring.com	1
imceanotes-10mn4lnl+40msn+2ecom+40enron@enron.com	1
imceanotes-4uc5+40msn+2ecom+40enron@enron.com	1
imceanotes-57q85e1o+40msn+2ecom+40enron@enron.com	1
imceanotes-6gc86+40msn+2ecom+40enron@enron.com	1
imceanotes-a10893+40home+2ero+40enron@enron.com	1
imceanotes-a15431+40id+2eru+40enron@enron.com	1
imceanotes-a6741+40au+2eru+40enron@enron.com	1
imceanotes-acuou+40iobox+2efi+40enron@enron.com	1
imceanotes-al+40friedwire+2ecom+40enron@enron.com	129
imceanotes-ameerabu+40aol+2ecom+40enron@enron.com	2
imceanotes-antlulu2+40aol+2ecom+40enron@enron.com	1
imceanotes-astorey+40nyiso+2ecom@enron.com	2
imceanotes-b28352+40yahoo+2ecom+40enron@enron.com	1
imceanotes-barkerde+40nmenergy+2ecom@enron.com	2
imceanotes-bg8862+40aol+2ecom+40enron@enron.com	2
imceanotes-bill+20hatch_hou_ees+40ees@enron.com	1
imceanotes-bjones5+40txu+2ecom+40enron@enron.com	1
imceanotes-blb1173+40aol+2ecom+40enron@enron.com	2
imceanotes-bwax+40ghg+2enet+40enron@enron.com	1
imceanotes-c12458+40artic+2enet+40enron@enron.com	1
imceanotes-c23572+40au+2eru+40enron@enron.com	1
imceanotes-careed+40aep+2ecom+40enron@enron.com	12
imceanotes-cgoering+40nyiso+2ecom@enron.com	59
imceanotes-christa+20winfrey+40enron@enron.com	3
imceanotes-ckmadi+40aol+2ecom+40enron@enron.com	7
imceanotes-corporate+20benefits+40enron@enron.com	392
imceanotes-cortwine+40aol+2ecom@enron.com	1
imceanotes-custo+40coair+2ecom+40enron@enron.com	1
imceanotes-custserv+40gap+2ecom+40enron@enron.com	2
imceanotes-d25079+40jippii+2efi+40enron@enron.com	1
imceanotes-dab+40gejade+2ecom+40enron@enron.com	2
imceanotes-danielle+40wscc+2ecom@enron.com	1
imceanotes-doorstep+40enron@enron.com	1
imceanotes-dpdawg99+40aol+2ecom+40enron@enron.com	1
imceanotes-eldorlaw+40aol+2ecom+40enron@enron.com	2
imceanotes-enerfax1+40aol+2ecom+40enron@enron.com	1
imceanotes-enron+20field+40enron@enron.com	1
imceanotes-enron+20wellness+40enron@enron.com	1
imceanotes-esource+40enron@enron.com	396
imceanotes-f4q8ok+40msn+2ecom+40enron@enron.com	1
imceanotes-fc1cl71+40mail+2ept+40enron@enron.com	1
imceanotes-garobet+40aol+2ecom+40enron@enron.com	1
imceanotes-gmc+40whplaw+2ecom+40enron@enron.com	1
imceanotes-gouinmd+40nu+2ecom+40enron@enron.com	1
imceanotes-heat50+40uole+2ecom+40enron@enron.com	2
imceanotes-heinc+40pjm+2ecom+40enron@enron.com	3
imceanotes-ibuyit+40enron@enron.com	1
imceanotes-imqasqas+40nyiso+2ecom@enron.com	7
imceanotes-info+40gilder+2ecom+40enron@enron.com	6
imceanotes-investinme+40enron+2ecom@enron.com	4
imceanotes-investinme+40enron@enron.com	110
imceanotes-isc+40enron@enron.com	2
imceanotes-j9aqqi2+40msn+2ecom+40enron@enron.com	1
imceanotes-jcfleury+40nyseg+2ecom@enron.com	10
imceanotes-jdwatkiss+40aol+2ecom@enron.com	1
imceanotes-jeff+40lowrisk+2ecom+40enron@enron.com	3
imceanotes-jewwm+40pjm+2ecom+40enron@enron.com	1
imceanotes-jhairsmd+40aol+2ecom+40enron@enron.com	3
imceanotes-jlathrop+40nyiso+2ecom@enron.com	1
imceanotes-joel+2enewton+40dynegy+2ecom@enron.com	2
imceanotes-jpm913+40aol+2ecom+40enron@enron.com	1
imceanotes-jvxwj+40eon+2edk+40enron@enron.com	1
imceanotes-k8397+40youpy+2efr+40enron@enron.com	1
imceanotes-ken+20lay-+40enron@enron.com	87
imceanotes-knipe3+40aol+2ecom+40enron@enron.com	2
imceanotes-kvaken+40aol+2ecom+40enron@enron.com	1
imceanotes-lbullock+40nyiso+2ecom@enron.com	2
imceanotes-ljnmay+40aol+2ecom+40enron@enron.com	2
imceanotes-lpnftfff+40msn+2ecom+40enron@enron.com	1
imceanotes-ls2fd8x+40msn+2ecom+40enron@enron.com	1
imceanotes-mattpalo+40aol+2ecom+40enron@enron.com	1
imceanotes-melf116+40aol+2ecom+40enron@enron.com	6
imceanotes-mememe+4003583+2ecom+40enron@enron.com	1
imceanotes-mmccoy+40aep+2ecom+40enron@enron.com	1
imceanotes-mwilczek+40nyiso+2ecom+40ees@enron.com	1
imceanotes-mwilczek+40nyiso+2ecom@enron.com	19
imceanotes-newyork1+40uole+2ecom+40ees@enron.com	2
imceanotes-order-update+40amazon+2ecom@enron.com	1
imceanotes-pat+40paloalto+2ecom+40enron@enron.com	1
imceanotes-pkginfo+40ups+2ecom+40enron@enron.com	1
imceanotes-plove570+40cs+2ecom+40enron@enron.com	1
imceanotes-public+20relations+40enron@enron.com	316
imceanotes-pulhamus+40aol+2ecom+40enron@enron.com	18
imceanotes-rbowers+40nyiso+2ecom@enron.com	20
imceanotes-robary+40cs+2ecom+40enron@enron.com	9
imceanotes-rpetti+40ladwp+2ecom+40enron@enron.com	3
imceanotes-rrdvl+40hotbot+2ecom+40enron@enron.com	1
imceanotes-s8tebh3k+40msn+2ecom+40enron@enron.com	1
imceanotes-sellrose+40aol+2ecom+40enron@enron.com	1
imceanotes-seppieui+40aol+2ecom+40enron@enron.com	1
imceanotes-service+40bn+2ecom+40enron@enron.com	1
imceanotes-sex1+40sohu+2ecom+40enron@enron.com	1
imceanotes-sgtcase+40aol+2ecom+40enron@enron.com	1
imceanotes-slmckain+40aep+2ecom+40enron@enron.com	1
imceanotes-smcelmo1+40aol+2ecom+40enron@enron.com	1
imceanotes-spierce+40uss+2ecom+40enron@enron.com	6
imceanotes-spowers+40nyiso+2ecom@enron.com	5
imceanotes-steve+20kean+40enron@enron.com	31
imceanotes-tjlynch+40nyseg+2ecom@enron.com	1
imceanotes-todd+20bowen_cal_ect+40ect@enron.com	1
imceanotes-tyjek+40forum+2edk+40enron@enron.com	1
imceanotes-tz3qu+40msn+2ecom+40enron@enron.com	1
imceanotes-vege+40izhuta+2ecom+40enron@enron.com	2
imceanotes-wack0+40ecis+2ecom+40enron@enron.com	1
imceanotes-wchiume+40nyiso+2ecom@enron.com	4
imceanotes-wes+20colwell-+40enron@enron.com	1
imceanotes-wlhiu+40chat+2eru+40enron@enron.com	1
imceanotes-xpoh+40msn+2ecom+40enron@enron.com	1
imceanotes-znflajg+40aol+2ecom+40enron@enron.com	1
imp@cpuc.ca.gov	1
inbound-guide.121300a@imp.enlist.com	3
indsales@scougalrubber.com	3
inez.dauterive@enron.com	2
info@1800contacts.com	17
info@clubhyperia.com	19
info@energyclasses.com	10
info@motorsportsemail.com	1
info@oregongourmet.com	2
info@paperloop.com	1
info@pdxpfe.com	3
info@rockinhighliners.com	1
infobs@yahoo.com	2
ingjald@shaw.ca	1
ingrid.immer@williams.com	73
inja.chun@enron.com	1
insights4@reply.phillips.com	4
instructions@freejokesforyou.com	1
insynconline.68y4p0zq.d@insync-palm.com	1
insynconline.69zh0cr7.d@insync-palm.com	1
insynconline.6szpmb55.d@insync-palm.com	1
intel.home.computing@intel.m0.net	2
internet-9878b95x@emazing.com	2
iona.maclean@enron.com	1
iracema.hernandez@enron.com	1
irene.flynn@enron.com	1
iris.mack@enron.com	58
isabel.romero@enron.com	2
issuealerthtml@listserv.scientech.com	3
itrezzo.agent@enron.com	6
iunewsed@indiana.edu	5
j.fields@argentinc.com	6
j.jill@service.jjill.com	5
j24707-r5689@iqmailer.net	1
jabv@pge.com	2
jack.mcadoo@enron.com	2
jack_ramsey@johncooper.org	6
jacqueline.didier@csfb.com	14
jacques.theodas@enron.com	1
jade.corp@home.com	1
jagtar.tatla@powerpool.ab.ca	1
jaime.alatorre@enron.com	7
jaime.williams@enron.com	30
jake.thomas@enron.com	4
jakeistnick@hotmail.com	6
james.d.steffes@enron.com	189
james.hachen@enron.com	2
james.l.bouillion@enron.com	10
james.new@enron.com	5
james.richardson@enron.com	1
james.saunders@enron.com	88
james.w.lewis@enron.com	2
jamie.wachel@enron.com	4
jan.laird@vintagetul.com	5
jan.moore@enron.com	89
jan_g1@hotmail.com	1
jana.giovannini@enron.com	2
jane.allen@enron.com	3
jane.blizzard@travelpark.com	4
jane.m.tholt@enron.com	15
jane.wilson@entergy.co.uk	1
janel.guerrero@enron.com	57
janell_dye@hotmail.com	9
janelle.scheuer@enron.com	4
janet.butler@enron.com	42
janet.delapaz@enron.com	3
janet.h.wallis@enron.com	11
janet.r.dietrich@enron.com	8
janet@dtahou.com	3
janette.elbertson@enron.com	38
janey@horny18.net	3
janine.juggins@enron.com	1
jann.leeder@nhmccd.edu	1
japhet@u.washington.edu	2
japlanch@utmb.edu	1
jar@moneypit.net	3
jarod.jenson@enron.com	1
jas@beggslane.com	5
jash@sdge.com	1
jason.berlin@enron.com	4
jason.biever@enron.com	2
jason.chumley@enron.com	1
jason.d'souza@enron.com	1
jason.huang@enron.com	7
jason.kaniss@enron.com	1
jason.mcnair@enron.com	1
jason.meeker@nike.com	1
jason.moore@enron.com	1
jason.r.williams@enron.com	51
jason.riley@novoforum.com	4
jason.sherman@enron.com	2
jason.ware@bus.utexas.edu	3
jasonpeters@akllp.com	23
javalleyranch@msn.com	1
javier.chavarria@enron.com	2
jay.blaine@enron.com	4
jay.fitzgerald@enron.com	1
jay.jmb.blaine@enron.com	3
jay.johnson@enron.com	4
jay.knoblauh@bridgeline.net	29
jay.webb@enron.com	31
jayant.krishnaswamy@enron.com	3
jballentine@id3energy.com	3
jbates@tristategt.org	4
jbeard@austingrp.com	2
jbian@ercot.com	3
jblackwell@luce.com	36
jblatchford@caiso.com	22
jbraterm@cwt.com	4
jbreeden@psp.com	9
jbrennan@snclaw.com	2
jbrownin@utilicorp.com	3
jbutala@hess.com	1
jcanavan@mtpower.com	2
jcfish57@yahoo.com	1
jcheisey@tecoenergy.com	5
jcheung@petro-canada.ca	2
jcmayers@earthlink.net	4
jcoun@netstruxr.com	2
jcperez@vhlpr.com	2
jcrespo@hess.com	13
jcsv@pge.com	2
jdaigh@utilicorp.com	3
jdelater@iusb.edu	4
jdent@mmcable.com	4
jdickinson@mail.utexas.edu	30
jdodd@mdck.com	2
jduring@royallepage2.com	3
jean.baxter@enron.com	2
jean.mrha@enron.com	80
jeanette.doll@enron.com	24
jeanne.fore@enron.com	1
jeanne.licciardo@enron.com	5
jeff.feig@citi-fx.com	1
jeff.gale@enron.com	1
jeff.goforth@williams.com	1
jeff.golden@enron.com	13
jeff.gray@enron.com	1
jeff.herrold@enron.com	1
jeff.huff@enron.com	1
jeff.lenamon@dresdner.com	6
jeff.merola@enron.com	4
jeff.nogid@enron.com	3
jeff.schlect@avistacorp.com	2
jeff.shields@enron.com	2
jeff.skilling@enron.com	33
jeff.smith@enron.com	8
jeff_hines@hines.com	1
jeffh@enorthstar.com	2
jeffhicken@alliant-energy.com	3
jeffjoylee@earthlink.net	6
jeffn@subutil.com	15
jeffrey.e.sommers@enron.com	9
jeffrey.hammad@enron.com	1
jeffrey.keeler@enron.com	8
jeffreyskilling@yahoo.com	5
jeffseely_009035@netstock.customer-email.com	2
jeffseely_009318@netstock.customer-email.com	2
jeffseely_015045@netstock.customer-email.com	2
jeffseely_017022@netstock.customer-email.com	2
jeffseely_017023@netstock.customer-email.com	2
jellis@do.usbr.gov	1
jennie_fraser@yahoo.com	1
jennieh@tvlon.com	6
jennifer.bell@oaksgroup.com	7
jennifer.blevins@enron.com	3
jennifer.churchill-brown@eal.ab.ca	1
jennifer.jordan@enron.com	5
jennifer.miller@bus.utexas.edu	6
jennifer.walker@enron.com	1
jennifer.white@oceanenergy.com	2
jenniferg@jeanrem.com	1
jensminger@msn.com	4
jenwhite7@zdnetonebox.com	5
jeremy.blachman@enron.com	6
jeremy.buss@enron.com	1
jeremy.wong@enron.com	10
jerocha@ev1.net	1
jerry.dunn@travelpark.com	5
jerry.graves@enron.com	34
jess.hewitt@enron.com	4
jessica.ramirez@enron.com	1
jessica.white@enron.com	1
jessie.mata@enron.com	2
jevaughn.sterling@enron.com	3
jfagan@pec.com	1
jfawcett@sempra.com	4
jfields@argentinc.com	48
jfreeman@ssm.net	3
jfrizzley@shearman.com	6
jgosar@pcez.com	12
jgraham@peoplepc.com	3
jgrover@txu.com	1
jgurney@cusi.org	5
jhadix@calpine.com	1
jhartley@g7group-ny.com	2
jheard@kcom.edu	1
jhess@usbr.gov	3
jhmcgrew@brudergentile.com	3
jhughes@elcon.org	1
jhunt_vitoltvl@yahoo.com	5
jian.miao@enron.com	1
jilallen@deloitte.com	50
jill.t.zivley@enron.com	15
jim.goughary@enron.com	4
jim.homco@enron.com	2
jim.kolodgie@eds.com	1
jim.mccarthy@gastechnology.org	3
jim.mcnulty@merrillcorp.com	1
jim.meyn@enron.com	18
jim.roth@enron.com	3
jim.schoene@gt.pge.com	2
jim.schoene@neg.pge.com	4
jim.white@las-cruces.org	2
jim_lobdell@pgn.com	2
jimmyg@calpine.com	6
jimzim@charter.net	1
jin@gaganan.com	2
jj-owens@lcc.net	1
jjames@nui.com	3
jjava@bracepatt.com	2
jjewett@ercot.com	1
jjforbes@duke-energy.com	6
jjmcconnell@cox-internet.com	8
jjorge@isda.org	2
jkeefe@pattonboggs.com	12
jkeesling@houston.rr.com	1
jkeiser1@houston.rr.com	1
jkerber@melangeevents.com	3
jknight@oneok.com	1
jkubin@gibbs-bruns.com	1
jlabban@caiso.com	1
jleone@ppcpdx.org	1
jlhawkins@jonesday.com	2
jlhuemoe@llgm.com	11
jlyons@deloitte.ca	4
jmaas@llgm.com	12
jmacinni@stfx.ca	1
jmartin@saintanne.org	2
jmathes@nbchamber.com	2
jmatulew@lehman.com	1
jmhorne@us.ibm.com	3
jmiller79@houston.rr.com	3
jmjaked@mindspring.com	7
jmnhouston@aol.com	1
jmsciara@hotmail.com	6
jnaughto@cwt.com	4
jo.ann.matson@enron.com	7
jo.williams@enron.com	6
joanieg@blast.net	1
joaniem5770@yahoo.com	4
joanna.duncanson@enron.com	1
joanne.rozycki@enron.com	115
joanne_garner@enron.net	2
jobagby@cisco.com	12
jodam@swbell.net	1
jody.flaws@ky.fortisbank.com	1
jody.oberman@neg.pge.com	6
joe-faubion@juno.com	3
joe.a.casas@enron.com	1
joe.brewer@enron.com	1
joe.connor@enron.com	4
joe.hall@enron.com	2
joe.hartsoe@enron.com	14
joe.kirkpatrick@nrgenergy.com	6
joe.monroe@unocal.com	1
joe.parks@bridgeline.net	4
joe.parks@enron.com	17
joe.vazquez@ubspw.com	1
joe@joewhite.com	4
joel.bennett@enron.com	1
joel.ephross@enron.com	16
joel.melvin.anderson@enron.com	4
joemc5cent@hotmail.com	11
joeminniece@mindspring.com	1
joeparks@parksbros.com	1
joey.esperance@enron.com	1
joey.taylor@enron.com	91
john borenius <john.borenius@gfinet.com	6
john.berger@enron.com	1
john.best@enron.com	1
john.brindle@enron.com	1
john.buchanan@enron.com	98
john.cobb@enron.com	7
john.coyle@enron.com	2
john.d.williamson@us.andersen.com	1
john.fiscus@enron.com	4
john.ford@enron.com	2
john.geresi@tdsecurities.com	2
john.grass@enron.com	3
john.griffith@enron.com 	1
john.h.harrison@enron.com	1
john.hardy@enron.com	6
john.house@enron.com	1
john.jesse@enron.com	1
john.jmo.oh@enron.com	1
john.knock@elpaso.com	8
john.lamb@enron.com	1
john.m.singer@enron.com	22
john.malowney@enron.com	19
john.march@rolls-royce.com	6
john.novak@enron.com	10
john.sides@enron.com	1
john.smith@tx.usda.gov	1
john.stam@gecapital.com	2
john.suttle@enron.com	3
john.swafford@enron.com	18
john.sweney@brookwoods.com	2
john.valdes@enron.com	88
john.viverito@enron.com	13
john.wester@austinenergy.com	9
john.zufferli@enron.com	27
john@lonestarmedical.com	2
john_b_1946@yahoo.com	3
john_suarez@enron.net	40
johnb@borrowmanbaker.com	4
johnj@bcjlaw.com	6
johnm@jdaugherty.com	1
johnny.ross@enron.com	3
johnson.marc@lycos.com	9
johnwhitt@gvec.net	3
jona.kimbrough@enron.com	2
jonathan.mckay@enron.com	22
jonathan.moulds@bankofamerica.com	2
jonathan.mueller@bus.utexas.edu	3
jones@mca-architects.com	18
josabank.um.a.12.251@vremail.com	1
josabank@specials.josbank.com	3
jose.marquez@enron.com	22
jose.molina@enron.com	1
joseph.alamo@enron.com	1
joseph.barwatt@neg.pge.com	5
joseph.des.champs@enron.com	1
joseph.gaunder@honeywell.com	3
joseph.marovich@morganstanley.com	2
joseph.pohl@ubspw.com	1
joseph_s_77014@yahoo.com	3
josh_hogarth@hotmail.com	1
josie.call@enron.com	7
josie.castrejana@enron.com	1
joy.pardillo@enron.com	2
joyce.dorsey@enron.com	4
jpayton@caiso.com	4
jperry@sppc.com	1
jpesot@gaoptions.com	4
jplumley@caiso.com	2
jrb@nwnatural.com	1
jrfc@pge.com	4
jribnick@interchange-energy.com	9
jrichichi@christianacare.org	2
jrnelson@llgm.com	2
jrogers@cinergy.com	6
jross@pira.com	5
jross@susmangodfrey.com	2
jrutkows@llgm.com	9
jsarlat@33e.rjf.com	1
jscribn@email.fleming.com	3
jsemenza@nymex.com	2
jshneer@interlog.com	13
jshrader@cmsenergy.com	2
jskoog_vitoltvl@yahoo.com	15
jsmith@ercot.com	3
jsmk422@lycos.com	1
jstelly@pdq.net	1
jthrasher@akingump.com	1
jtokley@monumentderivatives.com	10
jtross@attglobal.net	1
juan.hernandez@enron.com	6
jubran.whalan@enron.com	1
judy.forney@enron.com	1
judy.hernandez@enron.com	8
julia.h.chin@enron.com	2
julia.young@enron.com	5
juliawhite65@hotmail.com	1
julie.a.garcia@enron.com	1
julie.armstrong@enron.com	135
julie.davidson@enron.com	2
julie.kearney@enron.com	78
julie.mccoy@enron.com	6
julissa.marron@enron.com	9
jungsuk.suh@enron.com	2
jungsuk_suh@enron.net	2
justin.arcadipane@cendantmobility.com	4
justin.folloder@enron.com	1
justin.j.rutherford@williams.com	3
jw1000mac@yahoo.com	9
jwells@nbsrealtors.com	6
jwentwor@du.edu	2
jwhitt@gvec.net	2
jwhitt@hksinc.com	1
jwhittaker@stmassociates.com	5
jwhodge@sequentenergy.com	1
jwong@bcgas.com	4
jwu@amerexenergy.com	2
jwwd@pge.com	6
jwyman@houstonstreet.com	6
kadalia@bpa.gov	12
kakhtar@exchange.ml.com	4
kal.shah@enron.com	30
kam.keiser@ubswenergy.com	1
kara.l.boudreau@enron.com	1
kara.saxon@gs.com	2
karellmd@email.msn.com	1
karen.bigelow@mms.gov	1
karen.burke@enron.com	2
karen.clapper@enron.com	8
karen.e.jones@enron.com	1
karen.ferazzi@verizon.net	2
karen.flores@elpaso.com	3
karen.hedley@enron.com	1
karen.k.heathman@enron.com	11
karen.l.barbour@enron.com	1
karen.l.harrison@enron.com	1
karen.phillips@enron.com	2
karen.y.martin@enron.com	5
karenv@hba.org	6
kari.oquinn@enron.com	4
karl.jackson@enron.com	3
karl.tomlinson@enron.com	1
karla.feldman@enron.com	1
karon.o'gorman@enron.com	3
kasmith@thosecomputerpeople.com	2
kate.cole@enron.com	26
kate.hollis@enron.com	2
kate.joslyn@enron.com	13
kateellsworth@earthlink.net	1
katherine.l.kelly@enron.com	23
kathleen.carnahan@enron.com	6
kathleen.croiset@enron.com	1
kathleen.royal@elpaso.com	1
kathleen.sullivan@enron.com	3
kathryn.bussell@enron.com	2
kathryn.cordes@enron.com	4
kathryn.gonzales@enron.com	1
kathy.bass@enron.com	7
kathy.bolan@neg.pge.com	1
kathy.campos@enron.com	15
kathy.link@enron.com	3
kathy.reeves@enron.com	19
kathy_tefft@johncooper.org	3
kathya@rabey.com	8
kathyd@edihealthcare.com	3
katyn@questar.com	1
kay.threet@enron.com	7
kayla.harmon@enron.com	29
kayla.ruiz@enron.com	2
kbergman@ercot.com	8
kbishop@bracepatt.com	2
kbparker@tecoenergy.com	1
kbryan@mail.earthlink.net	2
kcbrown@mail.utexas.edu	3
kclark@sonet.net	2
kcokinos@compuserve.com	16
kcurry@bracepatt.com	16
kdean1943@juno.com	6
kdoris@corelab.com	18
kefet@jubiipost.dk	1
keith.braswell@enron.com	1
keith.brown@groupwise.swgas.com	6
keith.comeaux@enron.com	9
keith.ferguson@fmc-law.com	4
keith.harris@wessexwater.co.uk	8
keith.kc.considine@enron.com	4
keith.marlow@enron.com	2
keith.petersen@enron.com	12
kelli.little@enron.com	13
kelly.loocke@enron.com	14
kelly@ecogas.com	6
kelly@truequote.com	6
kellyschneider@alliant-energy.com	4
ken.lay@enron.com	2
ken.lewchuk@enron.com	21
ken.merideth@entergykoch.com	2
ken.powers@enron.com	37
ken.riesz@naes.com	1
ken.rubeli@enron.com	2
ken_rice@enron.net	1
kendra.hayman@enron.com	2
kennedywipa@vcn.com	2
kennel5@tdbank.ca	4
kenneth.lee@enron.com	3
kenneth.thibodeaux@enron.com	349
kenny.j.soignet@enron.com	79
kerb@houston.deepwater.com	20
kerri.thompson@enron.com	3
kerryann.irwin@enron.com	2
kevin.hyatt@enron.com	51
kevin.jolly@enron.com	27
kevin.lynch@pacificorp.com	8
kevin.m.presto@enron.com	126
kevin.mcgowan@enron.com	2
kevin.miller@enron.com	2
kevin.p.radous@enron.com	17
kevin.presto@ubswenergy.com	1
kevin.sweeney@enron.com	10
kevin.wellenius@frontiereconomics.com	1
kevin_a_howard@enron.net	1
kevin_garland@enron.net	2
kevin_howard@enron.net	85
kford1@txu.com	2
kg133492@exchange.daytonoh.ncr.com	7
kgarland@sterlinggrp.net	1
khadiza.uddin@enron.com	1
kharri@puget.com	2
khoang@prmllp.com	1
kholden@allianceworldwide.com	1
kidd_jeff@hotmail.com	1
kien.luu@enron.com	2
killajoe85@hotmail.com	2
kim.chick@enron.com	1
kim.e.ward@enron.com	11
kim.frumkin@enron.com	2
kim.mayers@mail.sprint.com	5
kim.melodick@enron.com	48
kim.pattison@enron.com	2
kimat.singla@enron.com	12
kimberley.nelson@enron.com	1
kimberly.banner@enron.com	8
kimberly.hardy@enron.com	1
kimberly.lerro@enron.com	1
kimberly.s.olinger@enron.com	17
kingfisher@humboldt1.com	4
kirk.lenart@enron.com	1
kirk.stevens@enron.com	10
kirk_stevens@pgn.com	2
kitchens@jwemc.org	3
kittenkid_65@yahoo.com	12
kja5y@forbes2.comm.virginia.edu	7
kjobrien@duke-energy.com	12
kjone19@home.com	3
kjurica@syntexsolutions.com	4
kkeuter@ftenergy.com	3
klamza@hotmail.com	4
kleinmanj@dsmo.com	2
kltaylor@duke-energy.com	13
km0l21@yahoo.com	1
kmahmoud@austin.rr.com	2
kmc@hal-pc.org	4
kmccomb@austin-mccomb.com	3
kmilligan@pclient.ml.com	2
kmmandmjm@home.com	1
kmsachtleben@pbsj.com	1
knethercutt@houstontech.org	14
knotestine@littler.com	20
konur.vito.vs@bhp.com	1
kortney.brown@enron.com	25
kpapadim@icc.state.il.us	1
kpolozie@mwe.com	4
krecc@andrews-kurth.com	38
krishna.lattupally@enron.com	11
kristen.jurgens@enron.com	5
kristi.birdsall@eprime.com	8
kristi.voinis@enron.com	1
kristin.passmore@enron.com	2
kristy.armstrong@enron.com	1
kroberts2@pclient.ml.com	1
kschier@market-bridge.com	1
ksoignet@hotmail.com	1
kss@overlandpartners.com	22
kssoffsight@hotmail.com	3
kstewart@ctcua.org	1
ksullivan@hopebeckham.com	4
ksumant@hotmail.com	1
ksumey@ftenergy.com	3
ksumme@isda.org	8
kulvinder.fowler@enron.com	23
kvanpelt@cmsenergy.com	2
kwelsch@waterdesk.com	1
kwhalen@sterlingmccalltoyota.com	7
kwilliams@midwestiso.org	9
kwright@momentumcars.com	2
lab-dsc@womans.com	9
lamar@viccomm.com 	1
lan-link@swbell.net	3
lana.belnoske@nesanet.org	110
lancebertram@idealease.com	1
lanette.earnest@enron.com	2
lara.leibman@enron.com	20
larry.campbell3@enron.com	1
larry.campbell@enron.com	1
larry.decker@enron.com	2
larry.hochberg@nypa.gov	2
larry.swett@enron.com	1
larry.valderrama@enron.com	1
larry_cash@enron.com	1
larrygoldberg@chi-caritas.org	5
larryjoe.hunter@enron.com	2
laura.hernandez@trw.com	7
laura.osman@travelpark.com	9
laura.podurgiel@enron.com	3
laura.vuittonet@enron.com	94
laura.vuittonet@ubswenergy.com	1
lauragammell@hotmail.com	16
laurel.adams@enron.com	21
lauren@prescottlegal.com	6
laurence.e.stuart@bakernet.com	2
lauri.goodwyn@sgfimat.com	12
laurie.ellis@enron.com	7
lavassani@quantrisk.com	1
lawfeder@email.msn.com	3
lawrence.clayton@enron.com	2
lawrence.cobb@mms.gov	2
lawrence_ciscon@enron.net	1
lb1339@sbc.com	1
lb_electronic_orders@dell.com	32
lbeth1972@yahoo.com	2
lbracken@summitenergy.com	39
lbrasher@skadden.com	1
lburton@houston.rr.com	1
lcannon@houston.rr.com	2
lci3@hotmail.com	1
lcohen@wilmer.com	8
lcox@summitenergy.com	1
ld.stephens@enron.com	4
ldewa@wharton.upenn.edu	1
ldplegge@swidlaw.com	2
leadtrack@klcorp.com	1
leafharasin@yahoo.com	3
leanne.meier@sympatico.ca	2
leave-htmlnews-2570826v@lists.autoweb.com	3
lebend@tdbank.ca	2
lech.kalembka@cwt.com	35
lee.ann.chance@enron.com	4
lee.fascetti@enron.com	5
lee.ferrell@enron.com	1
leesa.hutcherson@enron.com	1
leftcoast1@earthlink.net	5
legale.black@enron.com	1
leigh.ann.foret@enron.com	6
leonidas.savvas@enron.com	1
lerichrd@wapa.gov	1
lesliee@serapdx.com	1
lfastow@pop.pdq.net	12
lfrazier@eeshou.thebentleycompany.com	1
lgrimm@ercot.com	1
lgrow@idahopower.com	1
lholcomb@ptsi.net	3
lhyne@utilicorp.com	1
li_sun@enron.net	7
lia.halstead@enron.com	3
libasco@netvigator.com	4
lien.nguyen@enron.com	1
lifeminders.com@mailgate.lifeminders.com	24
lillian.villarreal@enron.com	26
lillie_carol@allergan.com	1
limonej@merchantenergy.com	3
linda.j.ewing@enron.com	3
linda.j.simmons@enron.com	4
linda.mitchell@neg.pge.com	2
linda.trevino@enron.com	13
linda.w.humphrey@williams.com	7
linda.wehring@enron.com	2
lindon.chiu@enron.com	1
linnierozelle@compaq.net	6
lisa.connolly@enron.com	4
lisa.gang@enron.com	5
lisa.jacobson@enron.com	5
lisa.jones@enron.com	1
lisa.koerselman@enron.com	3
lisa.lunz@enron.com	8
lisa.sawyer@enron.com	7
lisa.schorbabin@gs.com	2
lisa.will@powerex.com	1
lisagcox@yahoo.com	2
list@fibtrader.com	2
list@list.brain.com	1
list@listserv.redherring.com	3
listadmin@independent.org	1
liz.m.taylor@enron.com	6
liz.taylor@enron.com	54
lizzette.palmer@enron.com	53
ljahnke@aerotek.com	14
lkoppy@gsla.com	4
lkradway@aol.com	1
lleonard@insync.net	2
lliu0528@yahoo.com	1
llmaser@degeurinrealty.com	6
lmarshall@isda.org	5
lmcbride@menil.org	1
lmcdonough@iso-ne.com	1
lmeyer2@brobeck.com	2
lmoore@houstontech.org	3
lmrig@qwest.net	40
lmrig@uswest.net	15
ln@hovac.com	1
lnichols@bpa.gov	3
lockett.cynthia@dimac.com	9
loftus.fitzwater@enron.com	2
lokay@bigfoot.com	24
lora.sullivan@enron.com	3
lorchard@commrisk.bm	5
loretta_patrick@hotmail.com	1
lori.haney@enron.com	4
lori.j.beauchamp@williams.com	1
lori.saffer@enron.com	1
lorie.leigh@enron.com	3
losullivan@isda.org	17
lottyplace@yahoo.com	3
louis.dicarlo@enron.com	119
louis.iaconetti@csfb.com	12
louis.martinez@compaq.com	12
louis.soldano@enron.com	5
louis@tdcenergy.com	10
louisg@ev1.net	4
love@cl.uh.edu	31
lowwoman@aol.com	2
lpeters@pacifier.com	17
lplotkin@burntsand.com	3
lreid@sppc.com	3
lronaldson@wei.org	1
lthornton@cgsb.tamu.edu	1
ltippery@houston.rr.com	1
lubomir@pechala.com	4
luchas.johnson@enron.com	21
lucy.brown@informamedia.cminteractive.com	4
lucy.ortiz@enron.com	11
lucy.page@enron.com	1
luis.mena@enron.com	10
luis.montoya@enron.com	37
luiz.maurer@enron.com	47
lupchurch@wm.com	3
luv2boat@peoplepc.com	1
lwalter@wolfblock.com	1
lydia.cannon@enron.com	1
lydia.delgado@enron.com	29
lynda.pham@enron.com	1
lynette.crawford@enron.com	1
lynette.leblanc@enron.com	1
lynn.blair@enron.com	83
lynn.costantini@nerc.net	3
lyris@listserv.augusthome.com	6
m.scott.kuehn@intel.com	4
m_l_mauch@yahoo.com	1
macharta@yahoo.com	3
mae@cpuc.ca.gov	6
magdelena.cruz@enron.com	12
mahaalst@powgroup.com	1
mai@kochgallery.com	2
mail@mapquest.com	1
mail@playersonly.com	4
mail@sportsbook.com	5
mailer-daemon@aol.com	7
mailer-daemon@postmaster.enron.com	33
mailer-daemon@sm10.texas.rr.com	1
mailer@list.nyrrc.org	2
mailer@lists.smarterliving.com	9
mailer@nyrrc.org	3
mailto:[mailto:donna.ceruti@neg.pge.com]	1
mailto:[mailto:meterscout@ect.enron.com]	1
mailto:[mailto:sweems@hpapts.com]	1
mailto:aibrahim1@houston.rr.com	1
mailto:aweller@sel.com>	1
mailto:bearbennett1@aol.com	1
mailto:cers@water.ca.gov>>	1
mailto:chet_fenner@bmc.com	2
mailto:crcommunications@caiso.com>	1
mailto:dadams@foodtv.com> 	3
mailto:devans@sempra.com	3
mailto:dexter@intelligencepress.com>	1
mailto:don.mckay@axa-pacific.ca	1
mailto:dscoppin@aol.com	3
mailto:dtesc0148@home.com	1
mailto:eduncan2@arterhadden.com	2
mailto:eheuss@texas.net	1
mailto:elsye.m.nurena@bofasecurities.com	1
mailto:eperrigo@epsa.org	3
mailto:geoff.storey@enron.com	10
mailto:heidiblack@houston.rr.com	2
mailto:jcartwright@fi.rjf.com	1
mailto:jeffery.fawcett@enron.com> 	4
mailto:jennifer.prewit@ipgdirect.com	1
mailto:jhoward@sedubois.k12.in.us	1
mailto:jim_barnes@pgn.com	2
mailto:jlgreene@energyadvocates.com>	3
mailto:jmckenzie@saskpower.com>	1
mailto:joe.parks@enron.com	3
mailto:john.arnold@enron.com	1
mailto:john.topgear@ukgateway.net	4
mailto:jthoma56@csc.com	1
mailto:jtroha@serc1.org	1
mailto:katiebc@gateway.net> 	3
mailto:kevin.m.presto@ubswenergy.com	5
mailto:lawfeder@msn.com	4
mailto:lhanse@br-inc.com	6
mailto:lmrig@qwest.net>	1
mailto:macorrell@farrellcooper.com	6
mailto:maggiemschf@yahoo.com	1
mailto:magnus.ward@seb.se	1
mailto:mark.whitt@enron.com	11
mailto:mhar@mcgriff.com>	1
mailto:michael.hagen@compaq.com>	1
mailto:mikef@kesslers-sports.com	1
mailto:pbair@jwortham.com>	1
mailto:pmarston@marstonlaw.com	1
mailto:ppriest2@csc.com	1
mailto:richard.shapiro@enron.com	7
mailto:rmt6030@aol.com	1
mailto:ronr@hba.org>	1
mailto:steve.wynne@kibl.co.uk>	1
mailto:surfgator@ev1.net	1
mailto:susan.bailey@enron.com	8
mailto:tcg@cpuc.ca.gov	1
mailto:tgcross@delinvest.com	3
mailto:tony_palmer@transcanada.com	1
mailto:topt@chevron.com	1
mailto:towsontwo@aol.com	1
mailto:vivian.hart@enron.com	1
mailto:wbooth@booth-law.com	1
mailto:yottra@apci.com	1
mailto:zaeza@unplace.com	4
malcolm.wells@enron.com	1
manfred@bellatlantic.net	8
mannesmk@apci.com	3
manretz@msn.com	4
manuel.gallego@enron.com	1
mappling@chematch.com	15
mara.bronstein@enron.com	60
marabronstein@hotmail.com	1
marc.shapiro@chase.com	2
marc_hensel@enron.net	1
marcel@turn.org	54
marcella1022000@yahoo.com	4
marcello.romano@enron.com	8
marcelo_cosma@ml.com	14
marchris.robinson@enron.com	7
marcus.nettelton@enron.com	50
marcus.von.bock.und.polach@enron.com	8
margaret.allen@enron.com	31
margaret.dhont@enron.com	5
margaret.huson@enron.com	4
margo.reyna@enron.com	4
margy2001@yahoo.com	2
maria.colangelo@ubsw.com	1
maria.hernandez@lbb.state.tx.us	3
maria.mitchell@enron.com	1
maria.puente@bmo.com	3
maria.teresa.aguilera-peon@enron.com	4
marianne.long@travelpark.com	2
marianne.z.salinas@enron.com	1
mariano.gomez@enron.com	2
maribel.monterrey@enron.com	14
marie.hejka@enron.com	1
marilyn@vandergriffgroup.com	1
marion.collins@enron.com	2
marion.sczykutowicz@enron.com	3
mark.broadfoot@enron.com	2
mark.c.moench@williams.com	30
mark.dana.davis@enron.com	14
mark.diedrich@enron.com	2
mark.ellenberg@cwt.com	15
mark.gigliotti@enron.com	6
mark.guzman@enron.com	4
mark.haedicke@enron.com	21
mark.koenig@enron.com	11
mark.lavine@enron.com	16
mark.mcclure@enron.com	1
mark.mixon@enron.com	46
mark.muller@enron.com	14
mark.schmidt@enron.com	1
mark.smith@enron.com	29
mark.taylor@enron.com	40
mark.thibodeaux@enron.com	2
mark.whitt@enron.com	72
mark.woita@fhlbtopeka.com	13
mark7@ev1.net	3
mark@capstone-ta.com	1
mark_j_smith@fpl.com	2
markallen@markallen.com	3
marketing@capacitycenter.com	1
marketing@firstdownsports.com	6
marketing@infocastinc.com	19
marketing@sriconference.com	1
marlo@eba-net.org	8
marmas@philippi.cl	2
marsha.shepherd@enron.com	2
marshall.brown@robertwalters.com	1
marss@perkinscoie.com	9
martin.bucknell@enron.com	5
martin.cuilla@enron.com	20
martin.katz@enron.com	1
martin.rosell@enron.com	3
martin.thomas@enron.com	1
martinaisback@aol.com	2
mary.cilia@enron.com	7
mary.clark@enron.com	5
mary.cook@ubswenergy.com	3
mary.draemer@enron.com	5
mary.hannusch@enron.com	13
mary.kay.miller@enron.com	78
mary.kay.moore@enron.com	6
mary.poorman@enron.com	23
mary.theresa.franklin@enron.com	2
mary.tollefson@oatiinc.com	8
mary@proclaimamerica.com	4
matt.anderson@enron.com	4
matt.culver@enron.com	1
matt.francis@enron.com	1
matt.gillaspie@brentonbank.com	24
matt.mcdonald@enron.com	3
matt.owen.king@utoronto.ca	3
matt.pena@enron.com	1
matt.wilson@weyerhaeuser.com	12
mattb@revx.com	1
mattcook@velaw.com	3
matthew.dawson@enron.com	2
matthew.duffy@enron.com	4
matthew.f.gockerman@enron.com	1
matthew.landy@enron.com	1
matthew.titus@enron.com	1
matthias.lee@enron.com	5
maureen.mcvicker@enron.com	15
maureen.raymond@enron.com	2
maureenb@marcusevansch.com	4
maureenperea@hotmail.com	5
maurice.gilbert@enron.com	1
mawhitt@aol.com	2
max.doner@enron.com	10
max.sonnonstine@enron.com	30
maxk@austin.rr.com	4
mayo@camh.org	1
mbaldwin@igservice.com	86
mbeckworth@velaw.com	12
mbellido@southerngas.org	1
mberry@wildflower.org	1
mblanco@calpine.com	3
mbryarly@yahoo.com	2
mbtos@tozzini.com.br	24
mbx_anncenron@enron.com	950
mbx_anncetschair@enron.com	12
mbx_annclegal@enron.com	206
mbx_eimooc@enron.com	4
mbx_etssolnctrsec@enron.com	1
mbx_iscsysno@enron.com	99
mbx_klayofficechair@enron.com	265
mbx_officechairman@enron.com	230
mbx_ubswglobalinf@enron.com	104
mc.montgomery@worldnet.att.net	3
mc@milchev.com	2
mcabee@ev1.net	1
mcardoso@allianceworldwide.com	3
mcartier@caiso.com	1
mcazaubon@peco-energy.com	12
mcbarnes@kslaw.com	4
mcdonalr@talgov.com	2
mcduff6@dellepro.com	3
mcgowen.jan@epenergy.com	2
mckimbr@auburn.edu	4
mcontant@cypressasset.com	19
mcook@utilicorp.com	6
mcunningham@isda.org	31
mcyrus@cinergy.com	12
mdhubley@ex-sp.com	4
mdove@ev1.net	1
mduffey@carriageservices.com	8
mebarham@duke-energy.com	2
mecole.brown@enron.com	13
media_grok@reply.thestandard.com	9
megan.duffill@msdw.com	4
megincl@yahoo.com	1
megrasmick@aol.com	2
megrogers_99@yahoo.com	24
melanie.hunter@neg.pge.com	29
melba.lozano@enron.com	23
melissa.murphy@enron.com	1
melissa.solis@enron.com	11
melissa.taylor@aggreko.com	2
melissamagley@economist.com	1
melissap@katzlaw.com	2
meliza.evanson@enron.com	3
meller@csu.org	3
mellison@utilityresources.com	4
melodie_walker@nrel.gov	1
memberlist-owner@scottpaul.com	2
memberservices@travelocity.m0.net	37
memories@corp.classmates.com	15
meredith.philipp@enron.com	12
merickson@shell.com	1
merle.glen@enron.com	1
merlin.moseman@enron.com	1
messenger@directtrak.com	1
messenger@smartreminders.com	9
messert1@wellsfargo.com	1
mexico@carloslara.com	4
mfinance@srinstitute.com	1
mflorio@turn.org	6
mfortugno@poseidon1.com	15
mgillaspie02@pjc.com	9
mgimble@houston.rr.com	2
mgladwin@cisco.com	2
mguido@hess.com	1
mharp@austin.apc.slb.com	2
mhughes@hollandhart.com	2
michael.b.jones@enron.com	3
michael.barone@enron.com	15
michael.bledsoe@ca.com	3
michael.castillo@enron.com	3
michael.corley@elpaso.com	2
michael.fiore@compaq.com	2
michael.flanigan@enron.com	3
michael.frazier@enron.com	50
michael.gapinski@ubspw.com	1
michael.green@bridgeline.net	3
michael.green@enron.com	21
michael.jacobson@enron.com	15
michael.mitcham@enron.com	1
michael.norris@enron.com	2
michael.o.brien3@worldnet.att.net	2
michael.payne@enron.com	5
michael.peri@enron.com	1
michael.r.brown@enron.com	12
michael.s.galvan@enron.com	10
michael.schuh@enron.com	1
michael.seely@enron.com	8
michael.spruiell@enron.com	5
michael.terraso@enron.com	3
michael.wagoner@enron.com	2
michael.yowman@enron.com	19
michael_burke@eott.com	6
michaela.jim@worldnet.att.net	7
michaelj@nova.edu	4
michele.raque@enron.com	20
michele.winckowski@enron.com	53
michelle.akers@enron.com	57
michelle.bruce@enron.com	8
michelle.minor@mirant.com	1
midcoast@gte.net	1
mike.ames@enron.com	1
mike.carson@enron.com	3
mike.clifford@enron.com	3
mike.coleman@enron.com	15
mike.croall@nepco.com	2
mike.curry@enron.com	28
mike.e.kelly@enron.com	3
mike.fultz@halliburton.com	1
mike.grigsby@ubswenergy.com	2
mike.gunn@info.aa.com	1
mike.hernandez@enron.com	1
mike.hoffer@cinergy.com	1
mike.martin@xcelenergy.com	1
mike.mazowita@enron.com	31
mike.mcconnell@enron.com	62
mike.oxner@eal.ab.ca	2
mike.purcell@enron.com	6
mike.sheedy@enron.com	2
mike.teal@enron.com	1
mikemz@freemail.hu	1
mikep@amerexenergy.com	3
mikestubbe@hotmail.com	3
mikewarren@energytransfer.com	2
mildred.cornelius@gsb.uchicago.edu	3
milissa.martinez@lackland.af.mil	1
miller@advlaser.com	32
millerbrewing@mbco.rs88.net	1
millieread@yahoo.com 	3
mimsc@ops.org	4
minal.dalia@enron.com	5
ministryofsound.com@mailboy.enron.com	1
ministryofsound.com@mailman.enron.com	4
misenhower@conleygroup.com	3
missy.stevens@enron.com	4
missy.sturgeon@cinergy.com	2
misti.day@enron.com	12
mitchell.taylor@enron.com	9
mj-rich12@msn.com	2
mjillard@beaconelectric.com	24
mjmyers@wt.net	3
mjuden@houston.rr.com	1
mkhenderson@duke-energy.com	139
mladen.jovanovic@zg.tel.hr	6
mleung@callisma.com	1
mlide@earthlink.net	4
mlifgr@wexford.com	2
mlt@cpuc.ca.gov	6
mltrochta@dow.com	4
mmatt_chew@hotmail.com	1
mmolland@brobeck.com	8
mmorales@arnel.com	3
mnlevy@swidlaw.com	1
mo.elafandi@enron.com	2
mobrien2@houston.rr.com	1
mog.heu@enron.com	3
mollie.gustafson@enron.com	25
molly.magee@enron.com	2
molly.sumrow@enron.com	6
mon.y.sellers@us.andersen.com	1
mona.l.petrochko@enron.com	31
mondomodern@earthlink.net	5
monica_padilla@city.palo-alto.ca.us	17
monique.sanchez@enron.com	14
monte.jones@enron.com	30
moodysissuerrelations@moodys.com	1
mopre@yahoo.com	3
morad@midsouth.rr.com	1
morgan.gottsponer@enron.com	28
morisek@freemail.hu	1
morris.brassfield@enron.com	26
morris.richard.clark@enron.com	5
moshuffle@hotmail.com	17
mr@michaelrosenfeldart.com	1
mr@michaelrosenfeldglry.com	16
mrapp@oakvillegrocery.com	2
mrhappy@telkom.net	1
mrodriguez@nymex.com	1
mrrios@bpa.gov	1
mrwager@swbell.net	4
msaplala@brobeck.com	2
mschopper@houston.org	2
mshabits@neb.gc.ca	15
msid@ionsys.com	2
msipe@conninc.com	1
mson@softbank.co.jp	2
msrichards@duke-energy.com	1
mstir54@aol.com	3
mtboxer@hotmail.com	4
mtelle@velaw.com	1
mtierney@sempra.com	3
mudlaw@swbell.net	1
murli.nagwani@enron.com	2
music-store-news@amazon.com	5
mustafa.cochinwala@enron.com	3
mvaughan@forrester.com	2
mwailes@equilon.com	2
mwood@stoel.com	4
mwozny@hbs.edu	1
my-login-request@yahoo-inc.com	2
mytractor@yahoo.com	1
mzarate@hallbargainer.com	1
nambia.ferguson@informamedia.cminteractive.com	1
nancy.carpenter@enron.com	9
nancy.corbet@enron.com	2
nancy.hernandez@enron.com	23
nancy.jordan@us.pwcglobal.com	2
nancyant@erols.com	1
narsimha.misra@enron.com	24
natalie.bondareva@enron.com	1
nayan.dattani@enron.com	1
nbrazzil@mail.law.utexas.edu	3
nclark@velaw.com	1
nco1@pge.com	12
neal.wood@conoco.com	2
ned.e.crady@enron.com	5
neil.anderson@enron.com	1
neil.kelly@enron.com	3
neilkelly@akllp.com	1
nelly.carpenter@enron.com	2
netcenter-reg@netscape.com	6
new@ticketsupport.com	1
newgen@platts.com	4
newprize@help.iwon.com	3
news@framesd.com	3
news@incs.lemroh.com	3
news@maillist.diabetes.org	6
news@oxfordprinceton.com	11
newsgurus@mail.com	1
newsletter20011126@mail.cooking.com	2
newsletter@hickoryfarms.com	4
newsletter@lonestarmusic.com	4
newsletter@nakedwomansex.com	3
newsletter@newsletter.worldwildlife.org	1
newsletter@nextag.com	6
newsletter_ps@fun.playsite.com	4
newsletters-help@server.twistedhumor.com	2
nfels@cov.com	2
nhall1@txu.com	2
nhernandez@adolphus.com	3
niamh.clarke@enron.com	1
nibit31@msn.com	3
nicola.beales@enron.com	2
nicole.schwartz@enron.com	2
nigel.patterson@db.com	1
nikole.vander.velde@enron.com	2
nilcio.duran@ccmail.stdfruit.hn	2
nmanne@susmangodfrey.com	24
nnachawa@central.uh.edu	14
nobody@ivey.ca	1
nobody@knoll.vosn.net	1
noel.bartlo@elpaso.com	1
noell@galaxyinternet.net	17
noreply@fitrx.com	2
norm.thompson@nortom.com	3
norman.lee@enron.com	22
nosheen.ali@enron.com	10
nwmartin@srpnet.com	2
nyree.chanaba@enron.com	7
nytdirect@nytimes.com	75
oasissvcs@apsc.com	14
oaust@dicarta.com	2
office@ferguslex.com	1
officeofthechairman6@enron.com	88
offiweb@yahoo.com	2
olemma.zamora@enron.com	1
olivier.herbelot@enron.com	1
olyrec@mer.cioe.com	4
onepass_020901@airmail.continental.com	3
onepass_021501@airmail.continental.com	3
onepass_022201@airmail.continental.com	3
onepass_032201@airmail.continental.com	3
onepass_040501@airmail.continental.com	3
onepass_041701@airmail.continental.com	3
onepass_050301a@airmail.continental.com	3
onlinetestprep@review.com	3
ops@genuity.net	1
or4ne@or4ne.com	2
orbitz@email.orbitz.com	3
orbitzdeals@email.orbitz.com	6
orcub@pacifier.com	1
oscar_kuarzo@yahoo.com.mx	1
oshaugws@bp.com	9
osmdirector@yahoo.com	6
ott.shana@epenergy.com	9
owlsa@hotmail.com	1
p1729@topmail.dk	1
p2staff@earthlink.net	1
pablo.torres@enron.com	3
padi@mail2.padi.com	15
paige.cox@enron.com	8
pakk@yahoogroups.com	1
pallavi.goradia@enron.com	6
pallen70@hotmail.com	3
palminc.6jzdwyzv.d@insync-palm.com	1
pam.becton@enron.com	1
pam.mccaskey@neg.pge.com	1
pam_macaul@bmc.com	9
pama9@flash.net	2
pamela.brown@enron.com	1
pamela.carter@enron.com	5
pamela.lebrane@enron.com	1
pamelaa.erickson@pgnmail.com	1
panderson@tradespark.com	1
panowak-mooney@psinet.com	3
parellan@co.riverside.ca.us	24
partner-news@amazon.com	5
parts@landmarkchevrolet.com	2
party@kitkat.org	1
pat.anderson@southernunionco.com	4
pat.o'donnell@enron.com	1
pat_mulhern@oxy.com	1
patricia.downey@enron.com	1
patricia.henry@enron.com	4
patricia.wiederholt@enron.com	4
patrick.hanse@enron.com	5
patrick.keene@enron.com	6
patrick.markey@enron.com	2
patrick_kuykendall@hotmail.com	8
patrick_tucker@enron.net	37
patrickalan@compuserve.com	9
patty.donahue@chase.com	3
pattyd90@hotmail.com	3
paul.bieniawski@enron.com	3
paul.d.thomas@enron.com	3
paul.darmitzel@enron.com	2
paul.dawson@enron.com	24
paul.decanha@enron.com	1
paul.drexelius@cinergy.com	1
paul.goddard@enron.com	5
paul.gregory@enron.com	6
paul.hennemeyer@enron.com	12
paul.kaufman@enron.com	55
paul.manning@honeywell.com	1
paul.simons@enron.com	11
paul.tate@enron.com	1
paul.w.juneau@usa.dupont.com	4
paul.weinberger@enron.com	1
paul.wood@pacificorp.com	3
paul_martinez@nmenv.state.nm.us	2
paul_puchot@enron.net	1
paula.arnold@ziffenergy.com	1
paula.rieker@enron.com	62
paulp@calpine.com	2
paw1@ev1.net	1
payments-messages@amazon.com	6
paymentz_935@hanmail.net	1
pbarna@exchange.ml.com	2
pcopeland@chsomaha.org	1
pdavidson@socalgas.com	7
pdowney@southerngas.org	2
pdwells@scottsboro.org	4
pea.branan@mindspring.com	1
pearlj@bp.com	1
pedraz8811@aol.com	3
peggy.determeyer@enron.com	13
peggy.hedstrom@enron.com	12
pennfuture@pennfuture.org	5
penny.britell@abc.com	1
pepoulse@smtpgate.dphe.state.co.us	3
per.sekse@enron.com	8
peretti@media.mit.edu	24
perfmgmt@ect.enron.com	48
perfmgmt@enron.com	554
perry.frazier@enron.com	27
perry.parthasarathy@jacobs.com	1
petem@andrews-kurth.com	3
peter.meier@neg.pge.com	25
peter.pearson@enron.com	3
peter.sherk@morganstanley.com	8
peter.styles@enron.com	11
peters@calpine.com	3
pgutman@utilicorp.com	1
phil.boggs@enron.com	1
phil.demoes@enron.com	5
philip.greedy@us.pwcglobal.com	1
philip.levy@chase.com	3
phillip.m.love@ubswenergy.com	2
phillip.platter@enron.com	1
phillip.watts@usoncology.com	2
pholley@buccaneerhomes.com	2
phunkybitch007@yahoo.com	3
phytrpilot@aol.com	2
pichitphon.eammongkolchai@linklaters.com	2
pierre.aury@enron.com	2
pilar.ramirez@enron.com	11
pj@austingrp.com	1
pjmcustomerrelationsandtraining@pjm.com	1
pjosephson@mcgreevey2001.org	1
pkuykendall@wm.com	5
pljacklin@stoel.com	15
pmadison@lexfurniture.com	10
pmiller@osbar.org	6
pmurphy@swbanktx.com	7
pnoneill@mail.db.uth.tmc.edu	9
pools@officefootballpool.com	1
postmaster@enron.com	48
postmaster@grtn.it	1
postmaster@isda.org	4
postmaster@jmbm.com	3
postmaster@kindermorgan.com	1
postmaster@kochind.com	3
postmaster@ucarb.com	3
postmaster@uschamber.com	11
postmaster@usoncology.com	2
postoffice@bluemountain.com	4
powermart'01@ftenergy.com	2
powerprices@amerexenergy.com	1
ppappas@lockeliddell.com	3
pppcmail@pppc.org	20
preferredcustomer@photoworks.com	2
preston.ochsner@enron.com	17
private_equity@sriconference.com	1
priya.jaisinghani@enron.com	5
project.sunrise@enron.com	2
promotions@sportingbetusa.com	14
psigari@kemaconsulting.com	4
pthompson@akllp.com	4
pubs@eenews.net	15
punit.rawal@enron.com	12
purchase-circle@amazon.com	1
pweems@kslaw.com	3
pwhobby@hobbycomm.com	6
pws-fab1@siltronic.com	2
quen.tan@powerpool.ab.ca	1
questions@enron.com	2
quickflicks-unsubscribe@free-irewards.com	1
quotes-register@yahoo-inc.com	2
r-0-56294-4033936-2-5753-us2-a4ed352d@xmr3.com	1
r-0-726380-4286951-2-1985-us2-dc489426@xmr3.com	1
r-1-62757-3666190-2-3080-us2-22b2db1a@xmr3.com	1
r-3-734783-3757696-2-4597-us2-852b4a11@xmr3.com	1
r-5-726380-4529068-2-11062-us2-4d8148d5@xmr3.com	1
r-5-726380-4529068-2-9818-us2-cf4265d5@xmr3.com	1
r-6-56294-4156775-2-7136-us2-7cf50b7f@xmr3.com	1
r-7-726380-4286951-2-2143-us2-9f640fd0@xmr3.com	1
r-8-56294-3745823-2-7248-us2-a156bb74@xmr3.com	1
r-8-726380-4460532-2-9976-us2-1d6962e0@xmr3.com	1
rab@beggslane.com	8
rachel.cady@enron.com	11
radack@dca.co.harris.tx.us	1
rae.meadows@enron.com	12
raetta.zadow@enron.com	2
rag5@pge.com	2
rahul.seksaria@enron.com	7
raj_thapar@enron.net	1
ralphmayers@hotmail.com	2
ram7@pge.com	7
ramona.betancourt@enron.com	23
randall.l.gay@enron.com	6
randel.dalgleish@enron.com	2
randy.bayless@csfb.com	3
randy.huff@enron.com	1
randy.janzen@enron.com	28
randy.lord@enron.com	1
randy.o'connor@enron.com	2
randy.otto@enron.com	6
randy.pais@enron.com	2
ranelle.paladino@enron.com	3
rao.tamma@enron.com	14
raroach@bpa.gov	2
ratcliffj@tcbdallas.com	3
rate-merchant@store.yahoo.com	3
ravi_thuraisingham@enron.net	7
ravsav@earthlink.net	3
ray.niles@ssmb.com	19
raymond.bowen@enron.com	16
raymond.paterson@dfait-maeci.gc.ca	15
rbaird@velaw.com	21
rbays@lockeliddell.com	3
rbsandweg@houston.rr.com	3
rcarroll@bracepatt.com	140
rcboccaccio@earthlink.net	6
rcjosephson@stoel.com	12
rebecca.cantrell@enron.com	17
rebecca.mcdonald@enron.com	1
rebecca.quenet@eds.com	14
rebeccab@nol.net	3
rebeccadietz@hotmail.com	1
reed.wills@uaecorp.com	3
referralware@escriptions.roi1.net	1
reginald.hart@enron.com	11
register@wesc.org	3
registered.users@datek.m0.net	8
reh@richardhammond.com	1
reid.carter@nbfinancial.com	1
remi.collonges@enron.com	10
remind@newman.oscar.aol.com	1
remy@usasean.org	1
renata_j@poczta.onet.pl	6
rene.bickerstaff@enron.com	1
renee.carter@enron.com	1
replyhallmarkflowers@email.online.hallmark.com	1
reservations@ritz-carlton.com	1
response@savvion.com	1
restore2k_62912@xoip.com	1
rewards_newsletter@sportsline.com	3
reyna.cabrera@enron.com	18
rgonzalez@lockeliddell.com	6
rgowan@stokesbartholomew.com	4
rgreenberg@gpsolaw.com	2
rgrove@isda.org	12
rguttroff@amanet.org	7
rguy@wpo.it.luc.edu	2
rhaik@prebon.com	14
rhonda.denton@enron.com	6
rhonda.l.denton@enron.com	27
rhonda.ryan@enron.com	1
rhperkin@piona.com	6
rich.hall@enron.com	1
richard.burchfield@enron.com	2
richard.causey@enron.com	8
richard.hanagriff@enron.com	123
richard.horrobin@brucepower.com	2
richard.j.moller@marshmc.com	13
richard.lassander@enron.com	4
richard.melton@enron.com	2
richard.pinion@enron.com	11
richard.rusk@enron.com	2
richard.shapiro@enron.com	79
richard.t.robinson@enron.com	1
richard.toubia@truequote.com	1
richard.vaughan@elpaso.com	2
richard017@earthcam.net	1
rick.bittner@enron.com	1
rick.kile@enron.com	2
rick@osubeavers.com	48
rickya@calpine.com	1396
rika.imai@ubswenergy.com	5
rishi.mehta@enron.com	2
rishi.modi@csfb.com	36
risksolutions@standardandpoors.com	4
rita.bahner@enron.com	1
rita.tin@linklaters.com	1
rjbell@fas.harvard.edu	4
rjcarpenter@houston.rr.com	1
rjmanda_2000@yahoo.com	1
rjr@houston.rr.com	2
rkampmann@yahoo.com	5
rkeanini@energy.state.ca.us	1
rkgordon@exchange.ml.com	2
rkhansen@hansenbaxschiffer.com	1
rlaird@natsource.ca	49
rlindro@entergy.com	3
rlopezv@lvha.com.mx	9
rmasciangelo@duke-energy.com	4
rmatthews@velaw.com	4
rmcdowell@altorfer.com	3
rmfarley@postoffice.swbell.net	1
rmorgan@morgangroup.com	7
rmoseley@houston.deepwater.com	3
rmt6030@aol.com	1
rmwongozi@hotmail.com	1
rmybarra@shell.com	2
rnaviasky@hupk.com	2
rnstnhgn@earthlink.net	2
rob.smith@woodwardmarketing.com	1
rob_mcdonald@enron.net	2
rob_tom@freenet.carleton.ca	3
robbi.rossi@enron.com	13
robert.b.cothran@enron.com	12
robert.brooks@enron.com	2
robert.brown.wh97@wharton.upenn.edu	2
robert.bruce@enron.com	10
robert.c.williams@enron.com	47
robert.daborn@csfb.com	2
robert.geheb@enron.com	1
robert.guthrie@enron.com	2
robert.hayes@enron.com	12
robert.hemstock@enron.com	17
robert.johnson@enron.com	1
robert.johnston@enron.com	59
robert.miller@enron.com	1
robert.poole@atmosenergy.com	1
robert.richard@enron.com	1
robert.rosa@enron.com	1
robert.saltiel@enron.com	1
robert.stalford@enron.com	7
robert.w.jones@enron.com	19
robert.yeo@enron.com	2
robert_duncan@transwestern.net	2
robertmun@hotmail.com	2
robin.j.janse@exxon.com	3
robin.veariel@enron.com	3
robin_zaleski@iroquois.com	3
rochmanm@spurr.org	24
rod.kennedy@rbcinvestments.com	5
rodney.faldyn@enron.com	3
rodney.reagor@enron.com	1
roger.westbrook@enron.com	4
rogers.herndon@enron.com	45
rommel.aganon@enron.com	1
ron.brothers@cinergy.com	1
ron.m.mucci@williams.com	8
ronald.matthews@enron.com	22
rory.mcauley@gfinet.com	5
rosa.jaramillo@enron.com	1
rosalee.fleming@enron.com	32
rosalinda.zermeno@enron.com	1
rose.liu@moorecap.com	6
rose.m.prevott@williams.com	7
roseann.engeldorf@enron.com	2
rosemaryf@housedressing.com	5
rositagonzo@yahoo.com	4
ross_berthelot@bankone.com	1
route@monster.com	1
roy.hartstein@enron.com	2
rpcarpenter@worldnet.att.net	2
rpurrington@mdck.com	6
rransome@esource.com	2
rrga-l@list.rtowest.org	126
rrhaygood@yahoo.com	1
rriehm@houston.rr.com	1
rrozic@swbell.net	4
rsgates@thelinkpartners.com	4
rshah@enron.com	3
rshiring@pcenergy.com	1
rsloboda@pica.army.mil	3
rstephens@bracepatt.com	10
rtipton@velaw.com	1
rtr23@columbia.edu	6
ruby.kyser@enron.com	1
rudi.zipter@enron.com	1
rudolph.reynolds@intcx.com	1
rufino.doroteo@enron.com	15
russell.ballato@enron.com	6
russell.diamond@rweamericas.com	1
russell.dyk@enron.com	4
russell.e.murrell@enron.com	2
russell.sherrill@ubsw.com	4
russell.whitt@fmglobal.com	1
rustyb@hba.org	6
ruthann.frausto@enron.com	9
rvint@houston.rr.com	3
rwallace@corillian.com	3
rwallsjr@yahoo.com	1
rwasilow@westerngas.com	1
ryan.cline@xemkt.com	1
ryan.dusek@enron.com	1
ryan.lee@iccx.net	41
ryan.slinger@enron.com	11
ryan.watt@enron.com	11
ryan.williams@enron.com	27
ryanb@gosfgiants.com	12
rykomai@sempra.com	30
s.callaway@tjmhou.com	1
sabrae.zajac@enron.com	2
sahamrx@yahoo.com	5
sal.dominguez@enron.com	1
sales.ue.e11963.m18456351@ixs1.net	1
sales.ue.z9841.m18456351@ixs1.net	1
sales@arcadeequipmentwarehouse.com	1
sales@varsitychrysler.com	12
sales@zanotta.it	3
sally@plante-adams.com	3
sally_slaughter@enron.net	1
sam.kemp@enron.com	2
sami.arap@enron.com	14
samuel.schott@enron.com	4
samuels@amerigas.com	1
sandis@midwestenergy.org	4
sandra.wilson@enron.com	1
sandy.chen@enron.com	1
sandy.mccary@enron.com	3
sandy.sheffield@enron.com	3
sandyteb@aol.com	1
sanjay.bhatnagar@enron.com	1
sanjay.gupta@enron.com	1
sanjeev.gupta@enron.com	28
sapsecurity@enron.com	2
sara.m.smith@uth.tmc.edu	1
sarabeth.smith@enron.com	10
sarah_allen@pancanadianenergy.com	1
sarita.garza@enron.com	9
sasha.divelbiss@enron.com	3
savebig@reply.pm0.net	1
sawestenberg@bpa.gov	21
sbadeaux@vcn.com	4
sberman@hewm.com	45
sblalock@calpine.com	2
sborne@dcc.edu	1
sbreen@czn.com	28
schernick@bear.com	12
schick1@earthlink.net	2
schneider_michael@jpmorgan.com	4
schorra@worldnet.att.net	1
schriverrg@state.gov	6
scientech@scientech.com	4
scoleman@altra.com	3
scoop@mailer.money.net	9
scoop@money.net	5
scott.connelly@mirant.com	8
scott.dieball@enron.com	1
scott.franck@enron.com	11
scott.gardner@enron.com	3
scott.hendrickson@enron.com	2
scott.holloway@eprime.com	1
scott.jacobucci@elpaso.com	10
scott.l.flood@ssmb.com	4
scott.negraiff@macleoddixon.com	1
scott.palmer@exodus.net	21
scott.tanner@truequote.com	13
scott.vonderheide@enron.com	2
scott@pinnaclexec.com	1
scott@scottpaul.com	6
scott_crowell@hotmail.com	1
scott_d_long@hotmail.com	3
scottkuehn@go2netmail.com	2
scottsmith@masterword.com	3
scslooptions@attglobal.net	89
scsonoptions@attglobal.net	1
scullylj@yahoo.com	1
sdleonard@earthlink.net	46
sdoyle@sithe.com	1
sean.maloney@kiodex.com	1
seareel@stpaulshouston.org	2
sedavis@duke-energy.com	2
seksan.kiatsupaibul@enron.com	1
seligman@nmoga.org	3
sengnk@prairielands.com	2
serena.bishop@enron.com	5
serena.snb.bishop@enron.com	7
sergio.assad@enron.com	5
sergio.loewenberg@enron.com	2
service@bulk.energycentral.com	1
service@click.jcrew.com	38
service@mypilotstore.com	1
sf@smith-electric.com	3
sfirooz@sdge.com	8
sfletch@nwlink.com	1
sgarcia@lockeliddell.com	1
sgarman@quinngillespie.com	1
sgovenar@govadv.com	100
sgross@newportgen.com	3
sgussett@reliant.com	3
shalesh_ganjoo@enron.net	1
shalperins@yahoo.com	1
shana.ott@elpaso.com	4
shaneyegirl@hotmail.com	2
shanna.funkhouser@enron.com	8
shanna.husser@enron.com	2
sharen.cason@enron.com	5
shari_johnson@pgn.com	1
sharon.aulds@enron.com	2
sharon.butcher@enron.com	9
sharon.crawford@enron.com	18
sharon.j.reese@enron.com	1
sharon.morgan@enron.com	1
sharon.solon@enron.com	5
sharron.westbrook@enron.com	28
shartzerd@merchantenergy.com	1
shauna@pnucc.org	3
shaunaj@nimbusprojects.com	10
shawn.kilchrist@enron.com	1
shawna.dalke@blakes.com	2
shedict@yahoo.com	4
sheila.chang@enron.com	4
sheila.howard@enron.com	5
sheila.walton@enron.com	12
sheila.weisman@csfb.com	3
shelley.jones@elpaso.com	4
shelley.l.hatcher@us.andersen.com	1
shelly.butler@enron.com	3
shelly.mendel@enron.com	1
sherri_sera@hotmail.com	1
sherry.anastas@enron.com	2
sherry.forbish@enron.com	10
sherry.noack@elpaso.com	3
shirley.mcdowell@enron.com	4
showtimes@amazon.com	7
sibyl.peyer@gs.com	7
simon.cheshire@reuters.com	1
simon.hastings@enron.com	1
simone.la.rose@enron.com	171
site59@site59.rsc03.com	3
slake@anl.gov	2
sle@tca-us.com	39
slgutierrez@dfn.com	1
slhester@earthlink.net	1
sloan@vera.com	1
sls518@lesco.com	4
slwalker@bcbsal.org	4
smarra@isda.org	140
smcelroy@howellcorp.com	3
smcnatt@mdck.com	2
smester@cwt.com	6
smile.465306.9299.0@smile.ofoto.com	1
smile.635837.1685.0@smile.ofoto.com	3
smile.635837.2375.0@smile.ofoto.com	1
smile.635837.559.0@smile.ofoto.com	3
smiller@bracepatt.com	5
smith-dl@rdec.redstone.army.mil	1
smmayers@attbi.com	5
smoore@thomasnelson.com	2
smurphy@unterberg.com	4
sneal4@houston.rr.com	5
sonja.galloway@enron.com	1
sonya.johnson@enron.com	10
sophie.kingsley@enron.com	8
sophie.martin@enron.com	3
sophiedavenport@hotmail.com	12
souad.mahmassani@enron.com	30
spatti@ensr.com	18
special-offers-help@mail.southwest.com	65
spikesp@yahoo.com	1
sports@bigwinsports.com	3
sportsline_newsletters@sportsline.com	2
sprink1953@indianvalley.com	3
sputhigai@yahoo.com	1
sraymond@susmangodfrey.com	2
sriordan@houston.rr.com	1
srobinson@velaw.com	3
srutland@harris.com	1
sryerson@nui.com	6
ss4@skpstnhouston.com	3
sshields@questia.com	6
sspar@e-s-x.com	8
stacey.a.aune@enron.com	2
stacey.bolton@enron.com	67
stacey.richardson@enron.com	69
stacey.vallejo@enron.com	4
stacey.w.white@enron.com	27
stacy.dickson@enron.com	1
stacy.runswick@enron.com	10
stephanie.erwin@enron.com	4
stephanie.hopkins@enron.com	8
stephanie.mcginnis@enron.com	17
stephanie.olszewski@enron.com	6
stephanie.wellman@elpaso.com	3
stephany.tolbert@mirant.com	1
stephen.burns@enron.com	2
stephen.h.douglas@enron.com	17
stephen.jacobson@enron.com	1
stephen.schwarzbach@enron.com	13
stephen.swisher@enron.com	7
stephenc@manfinancial.com	2
steve.bennett@enron.com	1
steve.cinelli@enron.com	2
steve.ellis@gs.com	1
steve.gillespie@enron.com	11
steve.harrington@enron.com	2
steve.jacobellis@enron.com	2
steve.january@enron.com	42
steve.jernigan@enron.com	3
steve.kalmus@enron.com	1
steve.klimesh@enron.com	6
steve.murphy@pinnaclewest.com	2
steve.roeder@enron.com	1
steve.ross@enron.com	4
steve.wang@enron.com	29
stevecavalier@email.msn.com	2
stevehallock@qwest.net	6
steven.january@enron.com	10
stirman@mail.flex.net	3
stoor@aep.com	2
store-news@amazon.com	10
strawberry29@juno.com	2
strigg@jump.net	1
stuart.zisman@enron.com	87
stuartw17@hotmail.com	2
sturmt@yahoo.com	1
styarger@hotmail.com	4
sue.ford@enron.com	9
sue.foust@enron.com	1
sue.neville@enron.com	5
sue.nord@enron.com	32
sueron@anv.net	3
sumant.kapoor@enron.com	2
sundar.chitradurga@enron.com	3
support@datek.com	7
support@edgar-online.com	1
support@evite.citysearch.com	1
support@evite.com	3
support@mail.playersonly.com	1
support@mail.sportsbook.com	1
survey@carnegiecomm.com	1
susan.bailey@enron.com	35
susan.elledge@enron.com	13
susan.garcia@enron.com	2
susan.hopkinson@lovells.com	32
susan.lindberg@enron.com	111
susan.m.scott@enron.com	16
susan.mcintyre-young@unistudios.com	12
susan.ralph@enron.com	6
susan.scott@enron.com	53
susan_carrera@enron.net	2
susan_m_scott@hotmail.com	2
susan_miller@anadarko.com	1
susanlindberg14@hotmail.com	1
susie.ayala@enron.com	33
suzanna.strangmeier@ipgdirect.com	6
suzanne.adams@enron.com	8
suzanne.christiansen@enron.com	5
suzanne.danz@enron.com	1
suzanne.j.heiser@williams.com	1
suzanne.vann2@enron.com	1
suzanne@strategic-hou.com	3
suzie.hijazi@enron.com	1
svanhooser@houston.rr.com	2
svarner@littler.com	4
swalker@velaw.com	3
swestgate@enporion.com	3
swf5@pge.com	12
swhite11@houston.rr.com	2
swilliams@reliant.com	3
swinborn@swbell.net	2
swise@tcresidential.com	2
sylvia.a.campos@enron.com	5
sylvia.thomas@enron.com	7
syw1@pge.com	18
t-renneberg@home.com	1
t.king3@prodigy.net	1
talya.gordon@gs.com	1
tamara.hopkins@enron.com	1
tamara.johnson@enron.com	1
tamera.joyner@enron.com	1
tammy.gonzales@rweamericas.com	2
tammy.jaquet@enron.com	21
tammy.r.shepperd@enron.com	38
tammy@ctltd.com	1
tammy@fullenweider.com	1
tandra.coleman@enron.com	2
tania.patel@enron.com	1
tantra.invedy@enron.com	1
taperkin@southernco.com	9
taquesha.frank@enron.com	1
tara.soyal@enron.com	1
tara.sweitzer@enron.com	13
tarajeslick@hotmail.com	1
targana@dteenergy.com	1
tastorey@earthlink.net	2
taylor_mickey@hotmail.com	1
tazelis@etrade.ca	1
tbrassard@hhsi.com	6
tcooper@ngfc.com	14
tcprenger@aol.com	13
tdarton1@san.rr.com	1
tdickers@westerngas.com	5
tdkelley@ev1.net	6
tdroupy@e2communications.com	3
team.capipeline@enron.com	1
team.gallup@enron.com	1
team.kingman-needles@enron.com	2
team.spraberry@enron.com	1
teb.lokey@enron.com	15
technologydaily-alert@nationaljournal.com	18
ted.c.bland@enron.com	18
ted.evans@enron.com	4
ted.mirenda@ipgdirect.com	1
teresa.mandola@enron.com	7
teresa.mihalik@enron.com	5
teresa@walterbressert.com	1
terrc@andrews-kurth.com	8
terrell.benke@enron.com	3
terri.clynes@enron.com	22
terri.hamby@elpaso.com	15
terri.walker@enron.com	1
terry.rainer@iac.honeywell.com	4
terry.west@enron.com	6
teruyo.suzuki@ibjbank.co.jp	10
tex@off.org	1
tfiandt@houston.rr.com	1
tfn1@pge.com	1
tfr@browndrew.com	2
tgh8976@restructuringtoday.com	1
tglaze@serc1.org	2
thad@hutchesons.net	1
thailu@ercot.com	10
tharsilla.broussard@enron.com	2
thejulles@msn.com	21
theresa.staab@enron.com	8
theresa.t.brogan@enron.com	10
thiessen@conferenceboard.ca	1
thiessenmat@netscape.net	3
tholmes@thebiz.net	1
thomas.j.donovan@enron.com	2
thomas.keavey@vistacomp.com	10
thomas.nestor@enron.com	2
thomas.padron@gfinet.com	7
thomas_meyers@pgn.com	2
thomasko@microsoft.com	6
thompson@resourceinfo.com	1
thoulihan@mdbe.com	2
thylden@bepc.com	3
tianana2000@yahoo.com	1
tiffany.smith@bridgeline.net	1
tim.belden@enron.com	163
tim.despain@enron.com	2
tim.johanson@enron.com	4
tim.kissner@enron.com	3
tim.neuman@williams.com	1
tim@apbenergy.com	4
timmy.ng@enron.com	1
tina.spiller@enron.com	25
tjfarmer@juno.com	9
tmackey@glgt.com	2
tmeeks@deltadentalil.com	1
tmullooly@foleylaw.com	2
tobias.munk@enron.com	2
tod.a.lindholm@enron.com	12
todd.migliore@enron.com	1
todd.nguyen@sw.boeing.com	4
todd.richards@enron.com	10
todd@epis.com	3
tom.acton@enron.com	3
tom.briggs@enron.com	4
tom.chapman@enron.com	41
tom.gilbert@enron.com	1
tom.mccall@entergykoch.com	2
tom.parker@enron.com	1
tom.riley@enron.com	3
tom.roth@neg.pge.com	6
tom_haywood@platts.com	1
tomasine.mayes@enron.com	1
tomcochran@stadacona.ca	4
tommy.garza@enron.com	4
tony.chen@enron.com	1
top5list@topfive.com	12
toyia.johnson@ferc.fed.us	1
tpape@satake-usa.com	2
tpharry@flash.net	8
tracey.green@enron.com	14
traceybilodeau@sprintmail.com	1
tracy.geaccone@enron.com	100
tracy.greene@enron.com	2
tracy.minter@enron.com	1
tracy.ross@royalbank.com	2
travelercare@orbitz.com	8
travis.mccullough@enron.com	21
trena.mcfarland@enron.com	3
trevor.mihalik@bridgeline.net	2
trish_garant@perrygas.com	3
trnews@tr.com	36
troberts@dyalroberts.com	1
troy.denetsosie@enron.com	38
tsmith@cpp.org	2
tstraws@qwest.com	9
tthieman@bright.net	4
tthoman@aga.org	6
ttnguyen2@equiva.com	4
ttomlinson@bracepatt.com	4
ttwiggs@apx.com	1
twaggoner@ercot.com	1
twayne@waynedirect.com	4
twiechmann@jhubc.it	3
twilliams@ev1.net	3
twilly20@yahoo.com	1
tx_case_alert+409979.153596706.1@reply.law.com	1
tyrell.harrison@enron.com	29
united1@my.mileageplus.com	1
unknown.man@enron.com	16
unsubscribe@skippingstone.com	6
upco4@restructuringtoday.com	1
updates@lolfun.com	5
ursula_brenner@enron.net	1
ussearch.203339.526.0@reply.ussearch.com	3
utip@copacel.fr	2
v-daf38480bc30e674@listbot.com	1
v.charles.weldon@enron.com	7
valeria.a.hope@enron.com	3
valerie.curtis@enron.com	2
valerie_giles@pgn.com	1
valeriedewille@hotmail.com	6
valerieparker@carltechinc.com	4
valgeneres@hotmail.com	1
valuemail@iv-mailbck.intervolved.net	1
values@weatherbug.com	3
vanaya_vitoltvl@yahoo.com	3
vanc.apios2.rightfax@blakes.com	2
vasant.shanbhogue@enron.com	2
verizon.dsl@verizon.net	1
vernon.mercaldo@enron.com	21
veronica.gonzalez@enron.com	2
veronica.hill@enron.com	2
vershayadav@hotmail.com	1
vgarrity@iso-ne.com	1
vhuff@swbell.net	1
vicky.martinez@enron.com	1
victor.lamadrid@enron.com	295
victor.runge@enron.com	1
video@amazon.com	6
vikki.gates@scgo.com	12
vince_v@hotmail.com	3
vincent.flynn@eal.ab.ca	1
virawan.yawapongsiri@enron.com	5
virgil_haney@yahoo.com	3
virginia.r.canright@grc.nasa.gov	1
virginia.thompson@enron.com	40
virginia@clarkfineart.com	24
virginia@teleometrics.com	6
vivian.nguyen@enron.com	2
vk167@hotmail.com	4
vladimir.gorny@enron.com	24
vmcevoy@littler.com	1
vrl1@pge.com	1
vseigell@daksh.com	2
vtapia@mail.giga.com	1
vwadsworth@mpan.com	4
vwesterhaus@shb.com	2
w.david.duran@enron.com	8
wade.r.price@enron.com	18
wakefield.steven@epenergy.com	3
wall_street_journal@xmr3.com	2
wallstreet@chargingrhino.net	6
walter.hamscher@beachfire.com	2
ward.5@home.com	1
warren.perry@enron.com	1
waschafer@home.com	6
waterbugz6@home.com	1
wayne.feng@enron.com	4
wayne.knupp@entergykoch.com	2
wbooth@booth-law.com	1
wcalderaro@altuspartners.com	15
wcemailerrors@fds.com	12
wcs@modrall.com	5
wdavid.duran@enron.com	4
webmaster@aga.org	1
webmaster@spegcs.org	2
webmaster@u2.com	12
weekly_html.um.a.1.3728@lists.smartmoney.com	1
weekly_html.um.a.1.3882@lists.smartmoney.com	1
weezie.roberson@enron.com	1
wei.hu@enron.com	1
wemnett@skadden.com	1
wendi.lebrocq@enron.com	3
wendy.proctor@enron.com	1
wendy.spiesman@thomson.com	2
wendy@evans-automation.com	2
wendykoeb@springisd.org	16
wentapb@phoenix-cement.com	6
wes.carberry@enron.com	1
wesbeasley@compuserve.com	3
wflemley@cs.com	1
wfuselier@westmorelandhall.com	1
wgoodbody@hotmail.com	3
whannaford@nwppc.org	2
whittneyskinner@hotmail.com	18
wicain@fame.com	3
william.keeney@enron.com	1
william.kyle@enron.com	1
william.morley@enron.com	1
william.smith@enron.com	2
william_velez-barneset@hcjpd.co.harris.tx.us	1
wincash@play4keeps.com	3
windandweather@response.etracks.com	2
wise.counsel@lpl.com	8
witless@telusplanet.net	3
wk@transcarriers.com	3
wlmcreynolds@bpa.gov	1
wmacdonald@clarkbardes.com	1
wmaines@mfml.com	1
wmthursland@hotmail.com	12
wootk224@bus.orst.edu	9
world_this_week@lists.economist.com	2
wright.byron@epenergy.com	3
wrobel@21stenergy.com	6
wsager@geophysics.rice.edu	4
wsgarraway@prodigy.net	2
xpollard@richardfreemanco.com	3
yahoo-delivers@yahoo-inc.com	19
yaron2k@yahoo.com	1
yhaynes@mindspring.com	1
yi.yan@enron.com	1
ying_chan99@hotmail.com	1
yolanda.lopez@enron.com	1
yourdecision@acninc.net	1
yowza68@hotmail.com	3
yvango@hotmail.com	1
yvette.g.connevey@enron.com	1
yyfeng@se.cuhk.edu.hk	1
zachary.allen@enron.com	1
zachary.costello@enron.com	2
zaib@ecogas.com	2
zakiyyah.mcclure@enron.com	18
zal_masani@enron.net	3
zarin.imam@enron.com	7
zeepeters@hauw.org	1
zhiyong.wei@enron.com	67
zimin.lu@enron.com	7
zottermj@hotmail.com	1
zulie.flores@enron.com	2
